attack,health,mana,name,rarity,desc_cut,격노,과부하,도발,독성,돌진,생명력흡수,선택,연계,은신,적응,주문공격력,질풍,천상의보호막,침묵,exp
3,3,3,SI:7 요원,3,연계: 피해를 2 줍니다.,0,0,0,0,0,0,0,1,0,0,0,0,0,0,0
5,5,5,가시덤불 호랑이,1,은신,0,0,0,0,0,0,0,0,1,0,0,0,0,0,0
2,3,3,가시덩굴 사냥꾼,2,전투의 함성:11 멧돼지를1마리 소환합니다.,0,0,0,0,0,0,0,0,0,0,0,0,0,0,0
4,4,6,가젯잔 경매인,3,내가 주문을 시전할 때마다 카드를 1장 뽑습니다.,0,0,0,0,0,0,0,0,0,0,0,0,0,0,0
1,1,1,가혹한 하사관,1,전투의 함성: 이번 턴에 하수인 하나에게 공격력을 +2 부여합니다.,0,0,0,0,0,0,0,0,0,0,0,0,0,0,0
2,4,3,거품 무는 광전사,3,하수인이 피해를 받을 때마다 공격력을+1 얻습니다.,0,0,0,0,0,0,0,0,0,0,0,0,0,0,0
1,3,2,검 제작의 대가,3,"내 턴이 끝날 때,다른 무작위 아군 하수인 하나에게 공격력을 +1 부여합니다.",0,0,0,0,0,0,0,0,0,0,0,0,0,0,0
4,4,4,검은무쇠 드워프,1,전투의 함성: 이번 턴에 하수인 하나에게 공격력을 +2 부여합니다.,0,0,0,0,0,0,0,0,0,0,0,0,0,0,0
4,5,2,고대의 감시자,3,이 하수인은 적을공격할 수 없습니다.,0,0,0,0,0,0,0,0,0,0,0,0,0,0,0
2,5,4,고대의 마법사,3,전투의 함성:양옆의 하수인들에게 주문 공격력 +1을 부여합니다.,0,0,0,0,0,0,0,0,0,0,0,0,0,0,0
5,4,4,고대의 양조사,1,전투의 함성: 전장의 아군 하수인 하나를 내 손으로 다시 가져옵니다.,0,0,0,0,0,0,0,0,0,0,0,0,0,0,0
1,3,3,고통의 수행사제,1,이 하수인이 피해를받을 때마다 카드를1장 뽑습니다.,0,0,0,0,0,0,0,0,0,0,0,0,0,0,0
2,2,3,공격대장,2,내 다른 하수인들이 공격력을 +1 얻습니다.,0,0,0,0,0,0,0,0,0,0,0,0,0,0,0
6,6,6,공포의 지옥불정령,2,전투의 함성:다른 모든 캐릭터에게 피해를 1 줍니다.,0,0,0,0,0,0,0,0,0,0,0,0,0,0,0
3,3,4,공포의 해적,1,도발내 무기의 공격력만큼비용이 감소합니다.,0,0,1,0,0,0,0,0,0,0,0,0,0,0,0
1,3,1,공허방랑자,2,도발,0,0,1,0,0,0,0,0,0,0,0,0,0,0,0
3,3,3,공허의 괴물,3,전투의 함성: 이 하수인 양옆에 있는 하수인들을 처치하고 그들의 공격력과 생명력을 얻습니다.,0,0,0,0,0,0,0,0,0,0,0,0,0,0,0
2,2,2,광기의 연금술사,3,전투의 함성: 하수인 하나의 공격력과 생명력을 바꿉니다.,0,0,0,0,0,0,0,0,0,0,0,0,0,0,0
3,2,2,광기의 화염술사,3,"내 주문이 시전된 후에, 모든 하수인에게피해를 1 줍니다.",0,0,0,0,0,0,0,0,0,0,0,0,0,0,0
2,2,2,광포한 늑대 우두머리,1,양옆의 하수인들이 공격력을 +1 얻습니다.,0,0,0,0,0,0,0,0,0,0,0,0,0,0,0
9,7,6,괴수,5,죽음의 메아리: 상대편에게 33 핑클 아인혼을 소환해 줍니다.,0,0,0,0,0,0,0,0,0,0,0,0,0,0,0
2,7,5,구루바시 광전사,2,이 하수인은 피해를받을 때마다 공격력을+3 얻습니다.,0,0,0,0,0,0,0,0,0,0,0,0,0,0,0
3,15,9,군주 자락서스,5,전투의 함성: 내 영웅을 군주 자락서스로 교체합니다.,0,0,0,0,0,0,0,0,0,0,0,0,0,0,0
1,2,1,굶주린 게,4,전투의 함성: 멀록 1마리를 처치하고 +2+2를 얻습니다.,0,0,0,0,0,0,0,0,0,0,0,0,0,0,0
3,2,5,굶주린 대머리수리,2,내가 야수를 소환할 때마다카드를 1장 뽑습니다.,0,0,0,0,0,0,0,0,0,0,0,0,0,0,0
2,3,3,굶주린 식인 구울,1,하수인이 죽을 때마다 공격력을 +1 얻습니다.,0,0,0,0,0,0,0,0,0,0,0,0,0,0,0
4,9,8,그롬마쉬 헬스크림,5,돌진격노: 공격력 +6,1,0,0,0,1,0,0,0,0,0,0,0,0,0,0
7,7,8,그룰,5,"각 턴이 끝날 때, +1+1을 얻습니다.",0,0,0,0,0,0,0,0,0,0,0,0,0,0,0
2,4,4,기계용 정비사,2,전투의 함성:21 소형 기계용을1마리 소환합니다.,0,0,0,0,0,0,0,0,0,0,0,0,0,0,0
4,2,5,나 이런 사냥꾼이야,4,전투의 함성: 공격력이7 이상인 하수인을하나 처치합니다.,0,0,0,0,0,0,0,0,0,0,0,0,0,0,0
3,5,5,날뛰는 코도,3,전투의 함성: 공격력이 2 이하인 무작위 적 하수인 하나를 처치합니다.,0,0,0,0,0,0,0,0,0,0,0,0,0,0,0
7,5,7,남작 게돈,5,"내 턴이 끝날 때,다른 모든 캐릭터에게 피해를 2 줍니다.",0,0,0,0,0,0,0,0,0,0,0,0,0,0,0
2,1,1,남쪽바다 갑판원,2,내 영웅이 무기를 장착하고 있을 때돌진을 얻습니다.,0,0,0,0,1,0,0,0,0,0,0,0,0,0,0
3,3,3,남쪽바다 선장,4,내 다른 해적들이 +1+1을 얻습니다.,0,0,0,0,0,0,0,0,0,0,0,0,0,0,0
5,3,6,납치범,4,연계: 하수인 하나를 주인의 손으로 돌려보냅니다.,0,0,0,0,0,0,0,1,0,0,0,0,0,0,0
0,4,2,내트 페이글,5,"내 턴이 시작될 때, 50",0,0,0,0,0,0,0,0,0,0,0,0,0,0,0
5,5,6,냉기 정령,1,전투의 함성:캐릭터 하나를 빙결 상태로 만듭니다.,0,0,0,0,0,0,0,0,0,0,0,0,0,0,0
2,4,4,노움 발명가,2,전투의 함성:카드를 1장 뽑습니다.,0,0,0,0,0,0,0,0,0,0,0,0,0,0,0
0,3,3,노움 자동경보기,3,"내 턴이 시작될 때, 이 하수인이 내 손에 있는 무작위 하수인 하나와 교체됩니다.",0,0,0,0,0,0,0,0,0,0,0,0,0,0,0
8,8,9,노즈도르무,5,플레이어들의 턴 제한 시간이 15초로 감소합니다.,0,0,0,0,0,0,0,0,0,0,0,0,0,0,0
4,4,5,누더기골렘,3,도발죽음의 메아리:모든 캐릭터에게피해를 2 줍니다.,0,0,1,0,0,0,0,0,0,0,0,0,0,0,0
3,1,3,늑대기수,2,돌진,0,0,0,0,1,0,0,0,0,0,0,0,0,0,0
2,1,1,늑대인간 침투요원,1,은신,0,0,0,0,0,0,0,0,1,0,0,0,0,0,0
2,2,2,단검 곡예사,3,"내 하수인이 소환된 후에, 무작위 적 하나에게 피해를 1 줍니다.",0,0,0,0,0,0,0,0,0,0,0,0,0,0,0
1,4,3,달라란 마법사,2,주문 공격력 +1,0,0,0,0,0,0,0,0,0,0,0,0,0,0,0
4,7,6,대마법사,2,주문 공격력 +1,0,0,0,0,0,0,0,0,0,0,0,0,0,0,0
5,7,7,대마법사 안토니다스,5,내가 주문을 시전할 때마다'화염구' 카드 1장을내 손으로 가져옵니다.,0,0,0,0,0,0,0,0,0,0,0,0,0,0,0
3,3,3,대지 고리회 선견자,2,전투의 함성:생명력을 3 회복시킵니다.,0,0,0,0,0,0,0,0,0,0,0,0,0,0,0
7,8,5,대지의 정령,4,도발과부하: (3),0,1,1,0,0,0,0,0,0,0,0,0,0,0,0
12,12,10,데스윙,5,전투의 함성: 전장의 다른모든 하수인을 처치하고내 손에 있는 카드를모두 버립니다.,0,0,0,0,0,0,0,0,0,0,0,0,0,0,0
2,2,2,데피아즈단 두목,1,연계: 21 데피아즈단 무법자를 1명 소환합니다.,0,0,0,0,0,0,0,1,0,0,0,0,0,0,0
1,1,1,돌엄니멧돼지,2,돌진,0,0,0,0,1,0,0,0,0,0,0,0,0,0,0
6,7,6,돌주먹 오우거,2, ,0,0,0,0,0,0,0,0,0,0,0,0,0,0,0
4,4,6,들창코,5,"내 턴이 끝날 때, 도발 능력이 있는 22 놀을 1마리 소환합니다.",0,0,1,0,0,0,0,0,0,0,0,0,0,0,0
7,5,7,라벤홀트 암살자,3,은신,0,0,0,0,0,0,0,0,1,0,0,0,0,0,0
6,2,5,리로이 젠킨스,5,돌진전투의 함성: 상대편에게 11 새끼용을 둘 소환해 줍니다.,0,0,0,0,1,0,0,0,0,0,0,0,0,0,0
2,2,2,마나 망령,3,모든 하수인의 비용이(1) 증가합니다.,0,0,0,0,0,0,0,0,0,0,0,0,0,0,0
1,3,2,마나 중독자,3,내가 주문을 시전할 때마다이번 턴에 공격력을+2 얻습니다.,0,0,0,0,0,0,0,0,0,0,0,0,0,0,0
1,3,1,마나 지룡,1,내가 주문을 시전할 때마다 공격력을+1 얻습니다.,0,0,0,0,0,0,0,0,0,0,0,0,0,0,0
0,3,3,마나 해일 토템,3,"내 턴이 끝날 때,카드를 1장 뽑습니다.",0,0,0,0,0,0,0,0,0,0,0,0,0,0,0
3,2,2,마술사의 수습생,1,내 주문의 비용이(1) 감소합니다.,0,0,0,0,0,0,0,0,0,0,0,0,0,0,0
4,12,9,말리고스,5,주문 공격력 +5,0,0,0,0,0,0,0,0,0,0,0,0,0,0,0
3,1,1,먼지 악령,1,질풍과부하: (2),0,1,0,0,0,0,0,0,0,0,0,1,0,0,0
2,1,2,멀록 바다사냥꾼,2,전투의 함성:11 멀록 정찰병을1마리 소환합니다.,0,0,0,0,0,0,0,0,0,0,0,0,0,0,0
2,1,1,멀록 약탈꾼,2, ,0,0,0,0,0,0,0,0,0,0,0,0,0,0,0
3,3,3,멀록 전투대장,4,내 다른 멀록들이 +2+1을 얻습니다.,0,0,0,0,0,0,0,0,0,0,0,0,0,0,0
1,2,1,멀록 파도술사,3,내가 멀록을 소환할 때마다 공격력을+1 얻습니다.,0,0,0,0,0,0,0,0,0,0,0,0,0,0,0
1,7,4,모구샨 감시자,1,도발,0,0,1,0,0,0,0,0,0,0,0,0,0,0,0
5,2,6,못 말리는 로켓병,2,돌진,0,0,0,0,1,0,0,0,0,0,0,0,0,0,0
3,2,3,무너진 태양 성직자,2,전투의 함성:아군 하수인 하나에게+1+1을 부여합니다.,0,0,0,0,0,0,0,0,0,0,0,0,0,0,0
5,4,5,무법항 경호원,2,도발,0,0,1,0,0,0,0,0,0,0,0,0,0,0,0
3,3,3,무쇠가죽 불곰,2,도발,0,0,1,0,0,0,0,0,0,0,0,0,0,0,0
8,8,8,무쇠껍질 수호정령,2,도발,0,0,1,0,0,0,0,0,0,0,0,0,0,0,0
2,1,3,무쇠부리 올빼미,1,전투의 함성: 하수인 하나를 침묵시킵니다.,0,0,0,0,0,0,0,0,0,0,0,0,0,1,0
3,6,4,물의 정령,2,이 하수인에게 피해를 받은 캐릭터는 빙결 상태가 됩니다.,0,0,0,0,0,0,0,0,0,0,0,0,0,0,0
2,3,2,민물악어,2, ,0,0,0,0,0,0,0,0,0,0,0,0,0,0,0
4,2,3,밀림 표범,1,은신,0,0,0,0,0,0,0,0,1,0,0,0,0,0,0
5,5,3,밀림의 왕 무클라,5,전투의 함성: 상대편에게 바나나를 2개 줍니다.,0,0,0,0,0,0,0,0,0,0,0,0,0,0,0
4,4,2,밀하우스 마나스톰,5,전투의 함성:다음 턴에 상대편이 시전하는 주문의 비용이 (0)이 됩니다.,0,0,0,0,0,0,0,0,0,0,0,0,0,0,0
8,8,10,바다 거인,4,전장의 다른 하수인 하나당 비용이 (1)씩 감소합니다.,0,0,0,0,0,0,0,0,0,0,0,0,0,0,0
3,3,4,바람예언자,2,전투의 함성:아군 하수인 하나에게질풍을 부여합니다.,0,0,0,0,0,0,0,0,0,0,0,1,0,0,0
3,5,8,바람의 군주 알아키르,5,"질풍, 돌진,도발, 천상의 보호막",0,0,1,0,1,0,0,0,0,0,0,1,1,0,0
4,4,5,발톱의 드루이드,1,선택 ,0,0,0,0,0,0,1,0,0,0,0,0,0,0,0
1,4,2,방어구 제작자,3,아군 하수인이 피해를 받을 때마다 방어도를 +1 얻습니다.,0,0,0,0,0,0,0,0,0,0,0,0,0,0,0
0,4,1,방패병,1,도발,0,0,1,0,0,0,0,0,0,0,0,0,0,0,0
3,5,4,보랏빛 여교사,3,내가 주문을 시전할 때마다 11 보랏빛 수습생을 1명 소환합니다.,0,0,0,0,0,0,0,0,0,0,0,0,0,0,0
2,1,1,부두교 의술사,2,전투의 함성:생명력을 2 회복시킵니다.,0,0,0,0,0,0,0,0,0,0,0,0,0,0,0
4,7,3,부상당한 검귀,2,전투의 함성: 자신에게 피해를 4 줍니다.,0,0,0,0,0,0,0,0,0,0,0,0,0,0,0
1,3,1,북녘골 성직자,2,하수인이 치유될 때마다 카드를 1장 뽑습니다.,0,0,0,0,0,0,0,0,0,0,0,0,0,0,0
0,3,2,불꽃의 토템,2,양옆의 하수인들이 공격력을 +2 얻습니다.,0,0,0,0,0,0,0,0,0,0,0,0,0,0,0
6,5,6,불의 정령,2,전투의 함성:피해를 3 줍니다.,0,0,0,0,0,0,0,0,0,0,0,0,0,0,0
3,2,2,붉은늪지랩터,2, ,0,0,0,0,0,0,0,0,0,0,0,0,0,0,0
3,1,3,붉은십자군 성전사,1,천상의 보호막,0,0,0,0,0,0,0,0,0,0,0,0,1,0,0
1,2,1,붉은해적단 바다사냥꾼,3,전투의 함성:상대편의 무기 내구도를 1 감소시킵니다.,0,0,0,0,0,0,0,0,0,0,0,0,0,0,0
2,3,2,붉은해적단 약탈자,1,전투의 함성:내 무기의 공격력만큼공격력을 얻습니다.,0,0,0,0,0,0,0,0,0,0,0,0,0,0,0
4,5,6,비밀결사단 어둠사제,4,전투의 함성: 공격력이2 이하인 적 하수인하나를 가져옵니다.,0,0,0,0,0,0,0,0,0,0,0,0,0,0,0
1,2,1,비밀지기,3,각 플레이어가 비밀을낼 때마다 +1+1을 얻습니다.,0,0,0,0,0,0,0,0,0,0,0,0,0,0,0
4,4,3,비전 골렘,3,전투의 함성: 상대편에게 마나 수정을 1개 줍니다.,0,0,0,0,0,0,0,0,0,0,0,0,0,0,0
0,5,2,빛샘,3,"내 턴이 시작될 때,피해를 받은 아군 캐릭터 하나의 생명력을 3 회복시킵니다.",0,0,0,0,0,0,0,0,0,0,0,0,0,0,0
1,2,1,빛의 감시자,3,캐릭터가 치유될 때마다 공격력을 +2 얻습니다.,0,0,0,0,0,0,0,0,0,0,0,0,0,0,0
0,5,4,빛의 정령,1,이 하수인의 공격력은 항상 생명력과 같습니다.,0,0,0,0,0,0,0,0,0,0,0,0,0,0,0
4,3,4,사냥개조련사,2,전투의 함성: 아군 야수 1마리에게 +2+2와 도발을 부여합니다.,0,0,1,0,0,0,0,0,0,0,0,0,0,0,0
6,5,6,사바나 사자,3,죽음의 메아리:22 하이에나를2마리 소환합니다.,0,0,0,0,0,0,0,0,0,0,0,0,0,0,0
6,6,6,사원 집행자,1,전투의 함성: 아군 하수인하나에게 생명력을+3 부여합니다.,0,0,0,0,0,0,0,0,0,0,0,0,0,0,0
3,2,2,산성 늪수액괴물,2,전투의 함성: 상대편의 무기를 파괴합니다.,0,0,0,0,0,0,0,0,0,0,0,0,0,0,0
8,8,12,산악 거인,4,내 손에 있는 다른 카드 1장당 비용이 (1)씩 감소합니다.,0,0,0,0,0,0,0,0,0,0,0,0,0,0,0
2,2,2,서리늑대 그런트,2,도발,0,0,1,0,0,0,0,0,0,0,0,0,0,0,0
4,4,5,서리늑대 전쟁군주,2,전투의 함성: 전장의 다른 아군 하수인 하나당 +1+1을 얻습니다.,0,0,0,0,0,0,0,0,0,0,0,0,0,0,0
4,5,4,서리바람 설인,2, ,0,0,0,0,0,0,0,0,0,0,0,0,0,0,0
4,3,2,서큐버스,2,전투의 함성: 무작위로 카드를 1장 버립니다.,0,0,0,0,0,0,0,0,0,0,0,0,0,0,0
5,4,5,선장 그린스킨,5,전투의 함성: 내 무기에 +1+1을 부여합니다.,0,0,0,0,0,0,0,0,0,0,0,0,0,0,0
4,5,6,성난바람 하피,1,질풍,0,0,0,0,0,0,0,0,0,0,0,1,0,0,0
1,1,1,성난비늘 수련사,2,내 다른 멀록들이 공격력을 +1 얻습니다.,0,0,0,0,0,0,0,0,0,0,0,0,0,0,0
2,3,2,성난태양 파수병,3,전투의 함성:양옆의 하수인들에게도발을 부여합니다.,0,0,1,0,0,0,0,0,0,0,0,0,0,0,0
5,8,9,세나리우스,5,선택 ,0,0,0,0,0,0,1,0,0,0,0,0,0,0,0
3,5,4,센진 방패대가,2,도발,0,0,1,0,0,0,0,0,0,0,0,0,0,0,0
0,4,4,소환의 문,1,"내 하수인들의 비용이 (2) 감소합니다. 단, (1)보다 낮아지진 않습니다.",0,0,0,0,0,0,0,0,0,0,0,0,0,0,0
2,4,3,속박 풀린 정령,1,내가 과부하 카드를 낼 때마다 +1+1을 얻습니다.,0,1,0,0,0,0,0,0,0,0,0,0,0,0,0
3,6,5,수렁이끼괴물,1,도발,0,0,1,0,0,0,0,0,0,0,0,0,0,0,0
3,3,3,수석땜장이 오버스파크,5,전투의 함성: 다른 무작위 하수인 하나를 55 데빌사우루스 또는 11 다람쥐로 변신시킵니다.,0,0,0,0,0,0,0,0,0,0,0,0,0,0,0
2,2,4,숲의 수호자,3,선택 ,0,0,0,0,0,0,1,0,0,0,0,0,0,0,0
2,3,3,스랄마 선견자,1,질풍,0,0,0,0,0,0,0,0,0,0,0,1,0,0,0
2,5,4,스톰윈드 기사,2,돌진,0,0,0,0,1,0,0,0,0,0,0,0,0,0,0
6,6,7,스톰윈드 용사,2,내 다른 하수인들이 +1+1을 얻습니다.,0,0,0,0,0,0,0,0,0,0,0,0,0,0,0
4,2,5,스톰파이크 특공대,2,전투의 함성:피해를 2 줍니다.,0,0,0,0,0,0,0,0,0,0,0,0,0,0,0
2,3,3,시린빛 예언자,3,전투의 함성: 내 다른멀록들에게 생명력을+2 부여합니다.,0,0,0,0,0,0,0,0,0,0,0,0,0,0,0
2,2,3,시린빛 점쟁이,3,전투의 함성:각 플레이어가 카드를 2장씩 뽑습니다.,0,0,0,0,0,0,0,0,0,0,0,0,0,0,0
3,3,4,실버문 수호병,1,천상의 보호막,0,0,0,0,0,0,0,0,0,0,0,0,1,0,0
9,5,7,심장부 사냥개,2, ,0,0,0,0,0,0,0,0,0,0,0,0,0,0,0
3,3,4,아라시 무기제작자,1,전투의 함성:22 무기를 장착합니다.,0,0,0,0,0,0,0,0,0,0,0,0,0,0,0
2,3,4,아르거스의 수호자,3,전투의 함성: 양옆의 하수인들에게 +1+1과 도발을 부여합니다.,0,0,1,0,0,0,0,0,0,0,0,0,0,0,0
2,3,2,아마니 광전사,1,격노: 공격력 +3,1,0,0,0,0,0,0,0,0,0,0,0,0,0,0
2,2,3,아이언포지 소총병,2,전투의 함성:피해를 1 줍니다.,0,0,0,0,0,0,0,0,0,0,0,0,0,0,0
3,5,4,아키나이 영혼사제,3,생명력을 회복시키는 내 카드와 능력들이 이제 그만큼의 피해를 줍니다.,0,0,0,0,0,0,0,0,0,0,0,0,0,0,0
3,3,3,알도르 평화감시단,3,전투의 함성: 적 하수인 하나의 공격력을 1로 바꿉니다.,0,0,0,0,0,0,0,0,0,0,0,0,0,0,0
8,8,9,알렉스트라자,5,전투의 함성: 선택한 영웅의 남은 생명력을 15로 만듭니다.,0,0,0,0,0,0,1,0,0,0,0,0,0,0,0
4,4,5,암흑칼날,2,전투의 함성: 적 영웅에게 피해를 3 줍니다.,0,0,0,0,0,0,0,0,0,0,0,0,0,0,0
4,5,5,어둠비늘 치유사,2,전투의 함성: 모든 아군 캐릭터의 생명력을2 회복시킵니다.,0,0,0,0,0,0,0,0,0,0,0,0,0,0,0
1,1,1,어린 용매,1,질풍,0,0,0,0,0,0,0,0,0,0,0,1,0,0,0
3,3,5,얼굴 없는 배후자,4,전투의 함성: 선택한 하수인으로 변신합니다.,0,0,0,0,0,0,1,0,0,0,0,0,0,0,0
2,2,3,에드윈 밴클리프,5,연계: 이번 턴에앞서 낸 카드 1장당+2+2를 얻습니다.,0,0,0,0,0,0,0,1,0,0,0,0,0,0,0
3,3,4,에테리얼 비전술사,3,"내 턴이 끝날 때 내 영웅에게 비밀이 걸려 있으면, +2+2를 얻습니다.",0,0,0,0,0,0,0,0,0,0,0,0,0,0,0
5,4,6,엘룬의 여사제,1,전투의 함성:내 영웅의 생명력을4 회복시킵니다.,0,0,0,0,0,0,0,0,0,0,0,0,0,0,0
1,1,1,엘프 궁수,2,전투의 함성:피해를 1 줍니다.,0,0,0,0,0,0,0,0,0,0,0,0,0,0,0
2,2,2,여명회 파수병,1,전투의 함성:아군 하수인 하나에게천상의 보호막을부여합니다.,0,0,0,0,0,0,0,0,0,0,0,0,1,0,0
7,7,7,예언자 벨렌,5,내 주문과 영웅 능력의 피해량과 치유량을 2배 증가시킵니다.,0,0,0,0,0,0,0,0,0,0,0,0,0,0,0
8,8,9,오닉시아,5,전투의 함성: 내 하수인을 소환할 공간이 다 찰 때까지 11 새끼용을 소환합니다.,0,0,0,0,0,0,0,0,0,0,0,0,0,0,0
2,7,4,오아시스 무쇠턱거북,2, ,0,0,0,0,0,0,0,0,0,0,0,0,0,0,0
1,1,1,오염된 노움,1,죽음의 메아리:적 영웅에게피해를 2 줍니다.,0,0,0,0,0,0,0,0,0,0,0,0,0,0,0
4,4,4,오우거 마법사,2,주문 공격력 +1,0,0,0,0,0,0,0,0,0,0,0,0,0,0,0
8,8,9,왕 크루쉬,5,돌진,0,0,0,0,1,0,0,0,0,0,0,0,0,0,0
5,6,7,왕의 수호자,2,전투의 함성:내 영웅의 생명력을6 회복시킵니다.,0,0,0,0,0,0,0,0,0,0,0,0,0,0,0
3,2,2,요정용,1,이 하수인은 주문이나 영웅 능력의 대상으로 지정되지 않습니다.,0,0,0,0,0,0,0,0,0,0,0,0,0,0,0
8,8,25,용암 거인,4,내 영웅이 받은 피해 1당 비용이 (1)씩 감소합니다.,0,0,0,0,0,0,0,0,0,0,0,0,0,0,0
5,1,3,용암 광전사,2, ,0,0,0,0,0,0,0,0,0,0,0,0,0,0,0
4,6,5,원한 맺힌 대장장이,2,격노: 내 무기의 공격력이 +2 증가합니다.,1,0,0,0,0,0,0,0,0,0,0,0,0,0,0
1,1,0,위습,2, ,0,0,0,0,0,0,0,0,0,0,0,0,0,0,0
4,4,4,위장의 대가,3,전투의 함성: 내 다음 턴까지 아군 하수인 하나에게 은신을 부여합니다.,0,0,0,0,0,0,0,0,1,0,0,0,0,0,0
4,4,5,은빛 성기사단 기사,2,전투의 함성: 22 종자를 1명 소환합니다.,0,0,0,0,0,0,0,0,0,0,0,0,0,0,0
4,2,6,은빛십자군 부대장,3,돌진천상의 보호막,0,0,0,0,1,0,0,0,0,0,0,0,1,0,0
1,1,1,은빛십자군 종자,1,천상의 보호막,0,0,0,0,0,0,0,0,0,0,0,0,1,0,0
1,4,3,은빛털고릴라 우두머리,2,도발,0,0,1,0,0,0,0,0,0,0,0,0,0,0,0
4,2,4,이교도 지도자,1,내 다른 하수인이 죽을 때마다 카드를 1장 뽑습니다.,0,0,0,0,0,0,0,0,0,0,0,0,0,0,0
4,12,9,이세라,5,"내 턴이 끝날 때,꿈 카드 1장을 내 손으로 가져옵니다.",0,0,0,0,0,0,0,0,0,0,0,0,0,0,0
7,5,6,일리단 스톰레이지,5,내가 카드를 낼 때마다 21 아지노스의 불꽃을 하나 소환합니다.,0,0,0,0,0,0,0,0,0,0,0,0,0,0,0
1,5,3,임프 소환사,3,"내 턴이 끝날 때, 피해를1 받고 11 임프를하나 소환합니다.",0,0,0,0,0,0,0,0,0,0,0,0,0,0,0
2,2,2,자그마한 소환사,3,내 턴마다 처음 내는 하수인은 비용이(1) 감소합니다.,0,0,0,0,0,0,0,0,0,0,0,0,0,0,0
2,2,2,잔인한 감독관,1,전투의 함성: 하수인 하나에게 피해를 1 주고 공격력을 +2 부여합니다.,0,0,0,0,0,0,0,0,0,0,0,0,0,0,0
2,1,2,전리품 수집가,1,죽음의 메아리:카드를 1장 뽑습니다.,0,0,0,0,0,0,0,0,0,0,0,0,0,0,0
0,4,2,전승지기 초,5,각 플레이어가 주문을 시전할 때마다 동일한 주문을 다른 플레이어의 손에 추가합니다.,0,0,0,0,0,0,0,0,0,0,0,0,0,0,0
7,7,7,전쟁 골렘,2, ,0,0,0,0,0,0,0,0,0,0,0,0,0,0,0
2,3,3,전쟁노래 사령관,2,내 돌진 하수인들이공격력을 +1 얻습니다.,0,0,0,0,1,0,0,0,0,0,0,0,0,0,0
5,5,7,전쟁의 고대정령,4,선택 ,0,0,0,0,0,0,1,0,0,0,0,0,0,0,0
3,2,2,젊은 양조사,1,전투의 함성: 전장의 아군 하수인 하나를 내 손으로 다시 가져옵니다.,0,0,0,0,0,0,0,0,0,0,0,0,0,0,0
2,1,1,젊은 여사제,3,"내 턴이 끝날 때, 다른 무작위 아군 하수인 하나에게 생명력을 +1 부여합니다.",0,0,0,0,0,0,0,0,0,0,0,0,0,0,0
3,2,2,정신 나간 폭격수,1,전투의 함성: 다른 모든 캐릭터에게 3의 피해를 무작위로 나누어 입힙니다.,0,0,0,0,0,0,0,0,0,0,0,0,0,0,0
3,3,3,정신 지배 기술자,3,"전투의 함성: 전장에 상대편 하수인이 넷 이상 있으면, 무작위 적 하수인 하나를 가져옵니다.",0,0,0,0,0,0,0,0,0,0,0,0,0,0,0
4,3,4,주문파괴자,1,전투의 함성: 하수인 하나를 침묵시킵니다.,0,0,0,0,0,0,0,0,0,0,0,0,0,1,0
5,5,7,지식의 고대정령,4,선택 ,0,0,0,0,0,0,1,0,0,0,0,0,0,0,0
3,5,3,지옥수호병,3,"도발, 전투의 함성:내 마나 수정을 1개 파괴합니다.",0,0,1,0,0,0,0,0,0,0,0,0,0,0,0
5,6,4,지옥의 군주,4,전투의 함성: 내 영웅에게 피해를 5 줍니다.,0,0,0,0,0,0,0,0,0,0,0,0,0,0,0
2,2,2,청소부 하이에나,1,아군 야수가 죽을 때마다 +2+1을 얻습니다.,0,0,0,0,0,0,0,0,0,0,0,0,0,0,0
1,1,2,침착한 암살자,4,은신독성,0,0,0,1,0,0,0,0,1,0,0,0,0,0,0
4,5,6,케른 블러드후프,5,죽음의 메아리:45 바인 블러드후프를 소환합니다.,0,0,0,0,0,0,0,0,0,0,0,0,0,0,0
4,3,4,코르크론 정예병,2,돌진,0,0,0,0,1,0,0,0,0,0,0,0,0,0,0
2,2,2,코볼트 흙점쟁이,2,주문 공격력 +1,0,0,0,0,0,0,0,0,0,0,0,0,0,0,0
2,2,3,퀘스트 중인 모험가,3,내가 카드를 낼 때마다 +1+1을 얻습니다.,0,0,0,0,0,0,0,0,0,0,0,0,0,0,0
4,3,3,키린 토 마법사,3,전투의 함성: 이번 턴에 내는 내 다음 비밀의 비용이 (0)이 됩니다.,0,0,0,0,0,0,0,0,0,0,0,0,0,0,0
2,3,3,타우렌 전사,1,도발격노: 공격력 +3,1,0,1,0,0,0,0,0,0,0,0,0,0,0,0
4,5,6,태양길잡이,3,도발천상의 보호막,0,0,1,0,0,0,0,0,0,0,0,0,1,0,0
6,5,6,투기장의 제왕,2,도발,0,0,1,0,0,0,0,0,0,0,0,0,0,0,0
7,6,5,투자개발회사 용병,2,내 하수인들의 비용이(3) 증가합니다.,0,0,0,0,0,0,0,0,0,0,0,0,0,0,0
2,5,5,툰드라 코뿔소,2,내 야수들이돌진을 얻습니다.,0,0,0,0,1,0,0,0,0,0,0,0,0,0,0
6,6,8,티리온 폴드링,5,"천상의 보호막, 도발,죽음의 메아리: 53 파멸의 인도자를 장착합니다.",0,0,1,0,0,0,0,0,0,0,0,0,1,0,0
1,4,3,파괴전차,3,"내 턴이 시작될 때,무작위 적 하나에게 피해를 2 줍니다.",0,0,0,0,0,0,0,0,0,0,0,0,0,0,0
5,7,5,파멸수호병,3,"돌진, 전투의 함성: 무작위로 카드를2장 버립니다.",0,0,0,0,1,0,0,0,0,0,0,0,0,0,0
0,7,2,파멸의 예언자,4,"내 턴이 시작될 때, 모든 하수인을 처치합니다.",0,0,0,0,0,0,0,0,0,0,0,0,0,0,0
2,1,2,푸른아가미 전사,2,돌진,0,0,0,0,1,0,0,0,0,0,0,0,0,0,0
1,1,2,풋내기 기술자,2,전투의 함성:카드를 1장 뽑습니다.,0,0,0,0,0,0,0,0,0,0,0,0,0,0,0
0,1,1,피의 임프,1,"은신, 내 턴이 끝날 때, 다른무작위 아군 하수인 하나에게생명력을 +1 부여합니다.",0,0,0,0,0,0,0,0,1,0,0,0,0,0,0
5,4,5,해리슨 존스,5,전투의 함성: 상대편의 무기를 파괴하고 그 무기의 내구도만큼 카드를 뽑습니다.,0,0,0,0,0,0,0,0,0,0,0,0,0,0,0
2,3,3,허수아비골렘,1,죽음의 메아리:21 손상된 골렘을하나 소환합니다.,0,0,0,0,0,0,0,0,0,0,0,0,0,0,0
3,3,3,혈기사,4,전투의 함성: 모든 하수인의 천상의 보호막을 흡수하여 보호막 하나당 +3+3을 얻습니다.,0,0,0,0,0,0,0,0,0,0,0,0,1,0,0
1,1,2,혈법사 탈노스,5,주문 공격력 +1죽음의 메아리:카드를 1장 뽑습니다.,0,0,0,0,0,0,0,0,0,0,0,0,0,0,0
1,1,1,화난 닭,3,격노: 공격력 +5,1,0,0,0,0,0,0,0,0,0,0,0,0,0,0
3,2,1,화염 임프,1,전투의 함성: 내 영웅에게 피해를 3 줍니다.,0,0,0,0,0,0,0,0,0,0,0,0,0,0,0
1,2,1,황금골 보병,2,도발,0,0,1,0,0,0,0,0,0,0,0,0,0,0,0
2,3,3,황제 코브라,3,독성,0,0,0,1,0,0,0,0,0,0,0,0,0,0,0
4,1,4,황혼의 비룡,3,전투의 함성:내 손에 있는 카드 1장당생명력을 +1 얻습니다.,0,0,0,0,0,0,0,0,0,0,0,0,0,0,0
1,1,1,회갈색 늑대,2,내 다른 야수들이 공격력을 +1 얻습니다.,0,0,0,0,0,0,0,0,0,0,0,0,0,0,0
3,3,3,흉포한 늑대인간,1,"격노: 질풍, 공격력 +1",1,0,0,0,0,0,0,0,0,0,0,1,0,0,0
4,5,6,흑기사,5,전투의 함성:적 도발 하수인 하나를 처치합니다.,0,0,1,0,0,0,0,0,0,0,0,0,0,0,0
3,3,4,감염된 늑대,3,죽음의 메아리:11 거미를 2마리 소환합니다.,0,0,0,0,0,0,0,0,0,0,0,0,0,0,6
2,3,4,감염된 타우렌,1,도발죽음의 메아리:22 수액괴물을하나 소환합니다.,0,0,1,0,0,0,0,0,0,0,0,0,0,0,6
8,8,8,거대한 모래 벌레,4,이 하수인은 공격하여 다른 하수인을 처치할 때마다 다시 공격할 수 있습니다.,0,0,0,0,0,0,0,0,0,0,0,0,0,0,6
2,5,4,검은바다 해적,3,내 무기의 비용이(2) 감소합니다.,0,0,0,0,0,0,0,0,0,0,0,0,0,0,6
6,6,7,고대의 방패병,3,"전투의 함성:내 크툰의 공격력이 10 이상이면, 방어도를 +10 얻습니다.",0,0,0,0,0,0,0,0,0,0,0,0,0,0,6
4,6,6,고대의 선구자,4,"내 턴이 시작될 때, 내 덱에서 비용이 10인 하수인 하나를 내 손으로 가져옵니다.",0,0,0,0,0,0,0,0,0,0,0,0,0,0,6
9,9,9,고대의 존재의 피,4,"내 턴이 끝날 때 내 전장에 이 하수인이 둘 있으면, 고대의 존재로 융합시킵니다.",0,0,0,0,0,0,0,0,0,0,0,0,0,0,6
5,5,6,골짜기의 폭군 무클라,5,전투의 함성:바나나 2개를 내손으로 가져옵니다.,0,0,0,0,0,0,0,0,0,0,0,0,0,0,6
6,5,5,공주 후후란,5,전투의 함성: 아군 하수인 하나의 죽음의 메아리 능력을 발동시킵니다.,0,0,0,0,0,0,0,0,0,0,0,0,0,0,6
3,3,4,공포의 안개도깨비,4,"도발, 전투의 함성: 적 하수인 하나당 생명력을 +1 얻습니다.",0,0,1,0,0,0,0,0,0,0,0,0,0,0,6
3,4,5,광기로봇,1,도발천상의 보호막,0,0,1,0,0,0,0,0,0,0,0,0,1,0,6
6,7,8,괴물,5,이 하수인은 공격하여 다른 하수인을 처치할 때마다 +2+2를 얻습니다.,0,0,0,0,0,0,0,0,0,0,0,0,0,0,6
4,4,5,그림자술사,4,전투의 함성: 아군 하수인 하나를 선택합니다. 그 하수인을 비용이 (1)인 11 하수인으로 복사하여 내 손으로 가져옵니다.,0,0,0,0,0,0,1,0,0,0,0,0,0,0,6
1,1,1,금단의 고대정령,4,전투의 함성: 마나를 모두 소모합니다. 소모한만큼 +1+1을 얻습니다.,0,0,0,0,0,0,0,0,0,0,0,0,0,0,6
6,10,8,기괴한 공포,1, ,0,0,0,0,0,0,0,0,0,0,0,0,0,0,6
5,5,7,기괴한 용매,1,질풍,0,0,0,0,0,0,0,0,0,0,0,1,0,0,6
3,3,3,날뛰는 구울,1,전투의 함성:다른 모든 하수인에게피해를 1 줍니다.,0,0,0,0,0,0,0,0,0,0,0,0,0,0,6
4,4,4,남쪽바다 촉수얼굴,1,죽음의 메아리:내 무기에 공격력을+2 부여합니다.,0,0,0,0,0,0,0,0,0,0,0,0,0,0,6
4,4,6,네루비안 예언자,1,"내 턴이 시작될 때,이 카드의 비용이(1) 감소합니다.",0,0,0,0,0,0,0,0,0,0,0,0,0,0,6
1,1,1,느조스의 일등항해사,1,전투의 함성: 13 녹슨 갈고리를 장착합니다.,0,0,0,0,0,0,0,0,0,0,0,0,0,0,6
1,1,1,느조스의 촉수,1,죽음의 메아리:모든 하수인에게피해를 1 줍니다.,0,0,0,0,0,0,0,0,0,0,0,0,0,0,6
2,2,3,느조스의 피조물,1,죽음의 메아리:내 하수인들에게 +1+1을 부여합니다.,0,0,0,0,0,0,0,0,0,0,0,0,0,0,6
6,8,7,늪지이끼괴물,1,도발,0,0,1,0,0,0,0,0,0,0,0,0,0,0,6
3,2,4,독한 마음의 자릴,5,전투의 함성과죽음의 메아리:무작위 독극물 카드 1장을내 손으로 가져옵니다.,0,0,0,0,0,0,0,0,0,0,0,0,0,0,6
3,6,4,두건 쓴 수행사제,1,캐릭터가 치유될 때마다 내 크툰에게 +1+1을 부여합니다.,0,0,0,0,0,0,0,0,0,0,0,0,0,0,6
3,1,2,뒤틀린 늑대인간,1,은신,0,0,0,0,0,0,0,0,1,0,0,0,0,0,6
6,5,7,말코록,5,전투의 함성: 무작위 무기를 장착합니다.,0,0,0,0,0,0,0,0,0,0,0,0,0,0,6
2,1,2,맹독비늘 바다사냥꾼,1,전투의 함성: 도발 능력이 있는 11 수액을 하나 소환합니다.,0,0,1,0,0,0,0,0,0,0,0,0,0,0,6
4,2,3,배신당한 사육사,3,전투의 함성: 내 손에 있는 모든 죽음의 메아리 하수인에게 +1+1을 부여합니다.,0,0,0,0,0,0,0,0,0,0,0,0,0,0,6
1,1,1,변신수 제루스,5,이 하수인은 내 손에 있으면 내 턴이 시작될 때마다 무작위 하수인으로 변신합니다.,0,0,0,0,0,0,0,0,0,0,0,0,0,0,6
3,5,4,변종 광전사,1,격노: 공격력 +2,1,0,0,0,0,0,0,0,0,0,0,0,0,0,6
4,3,4,변화무쌍한 망령,3,죽음의 메아리: 상대편의 덱에서 카드를 1장 복사하여 내 손으로 가져옵니다.,0,0,0,0,0,0,0,0,0,0,0,0,0,0,6
3,4,3,붉은해적단 이교도,3,"전투의 함성: 내 전장에 다른 해적이 있으면, 내 무기에 +1+1을 부여합니다.",0,0,0,0,0,0,0,0,0,0,0,0,0,0,6
2,6,4,블러드후프 용사,1,도발격노: 공격력 +3,1,0,1,0,0,0,0,0,0,0,0,0,0,0,6
2,8,6,비늘 덮인 악몽,4,"내 턴이 시작될 때,이 하수인은 공격력이 2배가 됩니다.",0,0,0,0,0,0,0,0,0,0,0,0,0,0,6
2,4,4,비밀을 삼키는 자,3,전투의 함성: 적의 모든 비밀을 없앱니다. 없앤 비밀 하나당 +1+1을 얻습니다.,0,0,0,0,0,0,0,0,0,0,0,0,0,0,6
8,8,8,빛의 군주 라그나로스,5,"내 턴이 끝날 때,피해를 받은 아군 캐릭터 하나의 생명력을 8 회복시킵니다.",0,0,0,0,0,0,0,0,0,0,0,0,0,0,6
5,5,6,사자 볼라즈,5,전투의 함성: 내 다른 하수인들을 복사하여 11 하수인으로 소환합니다.,0,0,0,0,0,0,0,0,0,0,0,0,0,0,6
0,7,5,살아남은 파멸의 예언자,4,"내 턴이 시작될 때,이 하수인의 공격력을 7로 만듭니다.",0,0,0,0,0,0,0,0,0,0,0,0,0,0,6
3,3,4,수렁의 수호자,3,선택 ,0,0,0,0,0,0,1,0,0,0,0,0,0,0,6
2,4,3,스멀거리는 촉수,1,도발,0,0,1,0,0,0,0,0,0,0,0,0,0,0,6
7,6,6,스케람 이교도,3,전투의 함성: 내 크툰에게 +2+2를 부여합니다. ,0,0,0,0,0,0,0,0,0,0,0,0,0,0,6
4,6,5,승천한 할라질,5,내가 주문으로 피해를줄 때마다 그만큼 내 영웅의 생명력을 회복시킵니다.,0,0,0,0,0,0,0,0,0,0,0,0,0,0,6
3,6,5,실성한 신봉자,4,"도발, 이 하수인이 피해를 입을 때마다 내 크툰에게 +1+1을 부여합니다. ",0,0,1,0,0,0,0,0,0,0,0,0,0,0,6
5,5,6,심연의 괴수,3,도발이번 게임에서 내가 소환한 토템 하나당 비용이 (1)씩 감소합니다.,0,0,1,0,0,0,0,0,0,0,0,0,0,0,6
4,6,7,쌍둥이 제왕 베클로어,5,"도발, 전투의 함성:내 크툰의 공격력이 10이상이면, 다른 쌍둥이제왕을 소환합니다.",0,0,1,0,0,0,0,0,0,0,0,0,0,0,6
1,3,1,썩은지느러미 심문관,4,전투의 함성: 내 영웅 능력이 '11 은빛 성기사단 멀록을 1마리 소환합니다.'로 바뀝니다.,0,0,0,0,0,0,0,0,0,0,0,0,0,0,6
8,6,8,아노말루스,5,죽음의 메아리:모든 하수인에게피해를 8 줍니다.,0,0,0,0,0,0,0,0,0,0,0,0,0,0,6
2,3,2,악의 신도,1,전투의 함성: 내 크툰에게 +2+2를 부여합니다. ,0,0,0,0,0,0,0,0,0,0,0,0,0,0,6
1,5,3,암용 광전사,1, ,0,0,0,0,0,0,0,0,0,0,0,0,0,0,6
3,3,3,어둠골 감시대원,3,내가 생명력이 1인 하수인을 소환할 때마다 그 하수인에게 천상의 보호막을 부여합니다.,0,0,0,0,0,0,0,0,0,0,0,0,1,0,6
3,2,2,어둠골 사서,3,전투의 함성: 무작위로카드를 1장 버립니다.죽음의 메아리: 카드를1장 뽑습니다.,0,0,0,0,0,0,0,0,0,0,0,0,0,0,6
4,5,5,어둠골 연금술사,1,전투의 함성:생명력을 5 회복시킵니다.,0,0,0,0,0,0,0,0,0,0,0,0,0,0,6
1,5,3,어둠골 원로원,1,"내 하수인이 소환된 후에, 공격력을 +1 얻습니다.",0,0,0,0,0,0,0,0,0,0,0,0,0,0,6
5,7,6,어둠에 물든 아라코아,1,"도발, 전투의 함성:내 크툰에게 +3+3을 부여합니다. ",0,0,1,0,0,0,0,0,0,0,0,0,0,0,6
3,6,5,어둠예언자,4,전투의 함성:아군 하수인 하나와 능력치를 바꿉니다.,0,0,0,0,0,0,0,0,0,0,0,0,0,0,6
2,4,2,어둠의 낚시꾼 내트,5,"상대편의 턴이시작될 때, 상대편이50",0,0,0,0,0,0,0,0,0,0,0,0,0,0,6
2,2,2,언더시티 상인,3,죽음의 메아리: ,0,0,0,0,0,0,0,0,0,0,0,0,0,0,6
10,10,10,얼굴 없는 괴수,1, ,0,0,0,0,0,0,0,0,0,0,0,0,0,0,6
1,1,4,얼굴 없는 불가사의,4,"도발, 전투의 함성: 아군 하수인 하나의 공격력과 생명력을 복사합니다.",0,0,1,0,0,0,0,0,0,0,0,0,0,0,6
5,5,6,얼굴 없는 소환사,1,전투의 함성: 비용이 3인 하수인 하나를 무작위로 소환합니다.,0,0,0,0,0,0,0,0,0,0,0,0,0,0,6
7,7,4,얼굴 없는 화염투사,1,과부하: (2),0,1,0,0,0,0,0,0,0,0,0,0,0,0,6
6,6,7,엘윈의 파멸 들창코,5,이 하수인은 피해를 받을 때마다 도발 능력이 있는 22 놀을 1마리 소환합니다.,0,0,1,0,0,0,0,0,0,0,0,0,0,0,6
1,1,1,열성적인 수습생,1,죽음의 메아리: 무작위 아군 하수인 하나에게 +1+1을 부여합니다.,0,0,0,0,0,0,0,0,0,0,0,0,0,0,6
3,2,2,영원한 감시자,4,전투의 함성: 과부하된내 마나 수정이 모두잠금 해제됩니다.,0,1,0,0,0,0,0,0,0,0,0,0,0,0,6
4,2,4,오염된 수집가,1,죽음의 메아리:카드를 1장 뽑습니다.,0,0,0,0,0,0,0,0,0,0,0,0,0,0,6
6,6,5,오작동하는 치유로봇,3,죽음의 메아리:적 영웅의 생명력을8 회복시킵니다.,0,0,0,0,0,0,0,0,0,0,0,0,0,0,6
5,4,5,요그사론의 종복,3,전투의 함성: 비용이 (5) 이하인 무작위 주문을 시전합니다. ,0,0,0,0,0,0,0,0,0,0,0,0,0,0,6
12,12,10,용족의 군주 데스윙,5,죽음의 메아리:내 손의 모든 용족을 전장에 놓습니다.,0,0,0,0,0,0,0,0,0,0,0,0,0,0,6
3,5,3,우두머리 실리시드,3,"이 하수인은 적을 공격할 수 없습니다. 이번 턴에 내 영웅이 공격했다면, 공격할 수 있습니다.",0,0,0,0,0,0,0,0,0,0,0,0,0,0,6
5,9,9,음험한 소고스,5,도발이 하수인은 주문이나 영웅 능력의 대상으로 지정되지 않습니다.,0,0,1,0,0,0,0,0,0,0,0,0,0,0,6
3,2,2,이교도 마법사,3,"주문 공격력 +1, 내 주문이시전된 후에, 내 크툰에게+1+1을 부여합니다.",0,0,0,0,0,0,0,0,0,0,0,0,0,0,6
4,4,5,이교도 약제사,1,전투의 함성:적 하수인 하나당내 영웅의 생명력을2 회복시킵니다.,0,0,0,0,0,0,0,0,0,0,0,0,0,0,6
1,2,1,이교도 칼잡이,1,연계: +1+1을 얻습니다.,0,0,0,0,0,0,0,1,0,0,0,0,0,0,6
2,1,1,이글거리는 박쥐,1,죽음의 메아리:무작위 적 하나에게피해를 1 줍니다.,0,0,0,0,0,0,0,0,0,0,0,0,0,0,6
5,6,5,저승의 안내인,1,아군 하수인이 죽을 때마다 내 크툰에게 +1+1을 부여합니다.,0,0,0,0,0,0,0,0,0,0,0,0,0,0,6
2,4,4,정신 나간 서리술사,3,"내 주문이 시전된 후에, 무작위 적 하나를 빙결 상태로 만듭니다.",0,0,0,0,0,0,0,0,0,0,0,0,0,0,6
1,1,1,지배당한 주민,1,죽음의 메아리:11 어둠의 야수를1마리 소환합니다.,0,0,0,0,0,0,0,0,0,0,0,0,0,0,6
4,5,4,진화의 대가,3,전투의 함성: 아군 하수인 하나를 비용이 (1) 높은 무작위 하수인으로 변신시킵니다.,0,0,0,0,0,0,0,0,0,0,0,0,0,0,6
2,2,4,진화한 코볼트,1,주문 공격력 +2,0,0,0,0,0,0,0,0,0,0,0,0,0,0,6
2,5,3,청소부구더기,1, ,0,0,0,0,0,0,0,0,0,0,0,0,0,0,6
7,7,7,초갈,5,전투의 함성: 이번 턴에 내가시전하는 다음 주문은마나 대신 생명력을비용으로 사용합니다.,0,0,0,0,0,0,0,0,0,0,0,0,0,0,6
6,6,10,크툰,5,전투의 함성: 모든 적에게 이 하수인의 공격력만큼의 피해를 무작위로 나누어 입힙니다.,0,0,0,0,0,0,0,0,0,0,0,0,0,0,6
2,1,3,크툰의 사도,3,전투의 함성: 피해를 2 줍니다. 내 크툰에게 +2+2를 부여합니다. ,0,0,0,0,0,0,0,0,0,0,0,0,0,0,6
4,4,9,크툰의 자객,4,전투의 함성: 하수인 하나를 처치합니다. 그 하수인의 공격력과 생명력을내 크툰에게 부여합니다.,0,0,0,0,0,0,0,0,0,0,0,0,0,0,6
4,2,4,크툰의 추종자,1,천상의 보호막전투의 함성: 내 크툰에게+2+2를 부여합니다.,0,0,0,0,0,0,0,0,0,0,0,0,1,0,6
4,5,4,클락시 호박술사,3,"전투의 함성: 내 크툰의 공격력이 10 이상이면, 생명력을 +5 얻습니다.",0,0,0,0,0,0,0,0,0,0,0,0,0,0,6
5,7,10,타락자 느조스,5,전투의 함성:이번 게임에서 죽은 내죽음의 메아리 하수인들을소환합니다.,0,0,0,0,0,0,0,0,0,0,0,0,0,0,6
2,3,6,타락한 예언자,3,전투의 함성: 멀록을 제외한 모든 하수인에게 피해를 2 줍니다.,0,0,0,0,0,0,0,0,0,0,0,0,0,0,6
7,9,8,파멸의 사절,3,전투의 함성: 내 크툰에게 +2+2를 부여합니다. ,0,0,0,0,0,0,0,0,0,0,0,0,0,0,6
3,5,4,판드랄 스태그헬름,5,내 선택 효과의두 능력이 모두 발동합니다.,0,0,0,0,0,0,1,0,0,0,0,0,0,0,6
1,4,4,한밤의 비룡,3,전투의 함성:내 손에 있는 카드 1장당공격력을 +1 얻습니다.,0,0,0,0,0,0,0,0,0,0,0,0,0,0,6
10,10,10,해방된 분노 이샤라즈,5,"내 턴이 끝날 때,내 덱에서 하수인 하나를 뽑아 전장에 놓습니다.",0,0,0,0,0,0,0,0,0,0,0,0,0,0,6
2,1,1,헌신적인 영웅,3,죽음의 메아리: 무작위 아군 하수인 하나에게 천상의 보호막을 부여합니다.,0,0,0,0,0,0,0,0,0,0,0,0,1,0,6
2,2,3,혼란스러운 드루이드,3,"내 하수인이 소환된 후에, 그 하수인에게 +1+1을 부여합니다.",0,0,0,0,0,0,0,0,0,0,0,0,0,0,6
4,1,2,황혼멧돼지,1, ,0,0,0,0,0,0,0,0,0,0,0,0,0,0,6
2,2,3,황혼의 불꽃소환사,1,전투의 함성:모든 적 하수인에게피해를 1 줍니다.,0,0,0,0,0,0,0,0,0,0,0,0,0,0,6
1,1,4,황혼의 소환사,4,죽음의 메아리:55 얼굴 없는 파괴자를 하나 소환합니다.,0,0,0,0,0,0,0,0,0,0,0,0,0,0,6
6,5,5,황혼의 암흑치유사,3,"전투의 함성: 내 크툰의 공격력이 10 이상이면, 내 영웅의 생명력을 10 회복시킵니다.",0,0,0,0,0,0,0,0,0,0,0,0,0,0,6
3,4,3,황혼의 장로,1,"내 턴이 끝날 때,내 크툰에게 +1+1을 부여합니다.",0,0,0,0,0,0,0,0,0,0,0,0,0,0,6
1,4,2,황혼의 풍수사,1,도발전투의 함성: 내 크툰에게 도발을 부여합니다. ,0,0,1,0,0,0,0,0,0,0,0,0,0,0,6
7,5,10,희망의 끝 요그사론,5,전투의 함성: 이번 게임에서 내가 주문을 시전한만큼 무작위 주문을 시전합니다. ,0,0,0,0,0,0,0,0,0,0,0,0,0,0,6
3,2,2,거만한 연기자,1,도발,0,0,1,0,0,0,0,0,0,0,0,0,0,0,7
3,6,6,고룡 독서가,3,"전투의 함성: 내 손에 용족이 있으면, 공격력이 3 이하인 적 하수인 하나를 처치합니다.",0,0,0,0,0,0,0,0,0,0,0,0,0,0,7
5,6,5,공작 말체자르,5,"게임이 시작될 때, 무작위 전설 하수인 다섯을 내 덱에 섞어 넣습니다.",0,0,0,0,0,0,0,0,0,0,0,0,0,0,7
1,1,1,나불대는 책,3,전투의 함성: 무작위 마법사 주문 하나를 내 손으로 가져옵니다.,0,0,0,0,0,0,0,0,0,0,0,0,0,0,7
3,3,3,동물원로봇,1,"전투의 함성: 무작위 아군야수, 용족, 멀록 하나에게각각 +1+1을 부여합니다.",0,0,0,0,0,0,0,0,0,0,0,0,0,0,7
0,2,1,룬이 새겨진 알,1,죽음의 메아리:카드를 1장 뽑습니다.,0,0,0,0,0,0,0,0,0,0,0,0,0,0,7
2,2,1,마력 깃든 까마귀,1, ,0,0,0,0,0,0,0,0,0,0,0,0,0,0,7
3,6,4,만찬의 사제,1,내가 주문을 시전할 때마다내 영웅의 생명력을3 회복시킵니다.,0,0,0,0,0,0,0,0,0,0,0,0,0,0,7
1,3,1,말체자르의 임프,1,내가 카드를 버릴 때마다 카드를 1장 뽑습니다.,0,0,0,0,0,0,0,0,0,0,0,0,0,0,7
3,4,3,망토 두른 여사냥꾼,1,내 비밀의 비용이(0)이 됩니다.,0,0,0,0,0,0,0,0,0,0,0,0,0,0,7
2,3,2,메디브의 하인,1,"전투의 함성: 내 영웅에게 비밀이 걸려 있으면, 피해를 3 줍니다.",0,0,0,0,0,0,0,0,0,0,0,0,0,0,7
1,1,3,모로스,5,"은신내 턴이 끝날 때,11 급사를 1명 소환합니다.",0,0,0,0,0,0,0,0,1,0,0,0,0,0,7
5,5,6,박물관 감시자,1,전투의 함성: 아군 야수 1마리를 선택합니다. 그 야수를 복사하여 소환합니다.,0,0,0,0,0,0,1,0,0,0,0,0,0,0,7
4,4,5,박물관 마술사,1,"전투의 함성: 무작위 아군야수, 용족, 멀록 하나에게각각 +2+2를 부여합니다.",0,0,0,0,0,0,0,0,0,0,0,0,0,0,7
3,4,4,반즈,5,전투의 함성: 내 덱에서 무작위 하수인 하나를 복사하여11 하수인으로 소환합니다.,0,0,0,0,0,0,0,0,0,0,0,0,0,0,7
4,3,3,보랏빛 환영술사,1,내 턴 동안 내 영웅이면역 상태가 됩니다.,0,0,0,0,0,0,0,0,0,0,0,0,0,0,7
3,6,5,부엉이 파수꾼,3,"전투의 함성: 내 영웅에게 비밀이 걸려 있으면, +1+1과 도발을 얻습니다.",0,0,1,0,0,0,0,0,0,0,0,0,0,0,7
8,8,12,비전 거인,4,이번 게임에서 내가 시전한 주문 하나당 비용이 (1)씩 감소합니다.,0,0,0,0,0,0,0,0,0,0,0,0,0,0,7
2,1,1,비전 변형물,1,내가 주문을 시전할 때마다 이 하수인이 생명력을 +1 얻습니다.,0,0,0,0,0,0,0,0,0,0,0,0,0,0,7
3,2,4,비전장인,1,전투의 함성:05 도발 하수인을하나 소환합니다.,0,0,1,0,0,0,0,0,0,0,0,0,0,0,7
3,4,4,사악한 마녀,1,내가 주문을 시전할 때마다 무작위 기본 토템을 하나 소환합니다.,0,0,0,0,0,0,0,0,0,0,0,0,0,0,7
4,4,6,상아색 나이트,3,전투의 함성: 주문을 하나 발견합니다. 그 카드의 비용만큼 내 영웅의 생명력을 회복시킵니다.,0,0,0,0,0,0,0,0,0,0,0,0,0,0,7
7,7,8,수호자 메디브,5,전투의 함성: 아티쉬 ,0,0,0,0,0,0,0,0,0,0,0,0,0,0,7
3,3,3,식기 골렘,3,"이 하수인을 버리면,이 하수인을 소환합니다.",0,0,0,0,0,0,0,0,0,0,0,0,0,0,7
1,3,3,식당 거미,1,전투의 함성: 13 거미를 1마리 소환합니다.,0,0,0,0,0,0,0,0,0,0,0,0,0,0,7
5,6,5,에테리얼 행상인,3,"전투의 함성: 내 손에 도적카드가 아닌 직업 카드가있으면, 그 카드들의 비용을(2) 감소시킵니다.",0,0,0,0,0,0,0,0,0,0,0,0,0,0,7
1,1,2,인자한 할머니,1,죽음의 메아리: 32 커다란 나쁜 늑대를 1마리 소환합니다.,0,0,0,0,0,0,0,0,0,0,0,0,0,0,7
4,6,7,전시 관리인,5,"도발전투의 함성: 내 덱에서 야수, 용족, 멀록을 하나씩 뽑습니다.",0,0,1,0,0,0,0,0,0,0,0,0,0,0,7
3,2,3,치명적인 포크,1,죽음의 메아리: 32 무기를 내 손으로 가져옵니다.,0,0,0,0,0,0,0,0,0,0,0,0,0,0,7
3,4,5,칠흑색 비숍,3,전투의 함성: 이번 게임에서 죽은 아군 하수인 하나를 무작위로 소환합니다.,0,0,0,0,0,0,0,0,0,0,0,0,0,0,7
1,1,1,칼잡이 강도,1,전투의 함성: ,0,0,0,0,0,0,0,0,0,0,0,0,0,0,7
2,3,3,파멸의 어둠 기사단원,1,"전투의 함성: 내 손에 용족이 있으면, 11 새끼용을 둘 소환합니다.",0,0,0,0,0,0,0,0,0,0,0,0,0,0,7
3,3,6,해자 잠복꾼,3,전투의 함성: 하수인하나를 처치합니다.죽음의 메아리: 그 하수인을다시 소환합니다.,0,0,0,0,0,0,0,0,0,0,0,0,0,0,7
1,3,2,황천의 원령 역사가,1,"전투의 함성: 내 손에 용족이 있으면, 용족을 하나 발견합니다.",0,0,0,0,0,0,0,0,0,0,0,0,0,0,7
2,2,2,가젯잔 귀부인,1,전투의 함성:생명력을 2 회복시킵니다.,0,0,0,0,0,0,0,0,0,0,0,0,0,0,8
2,3,2,가젯잔 뱃사공,3,연계: 아군 하수인 하나를내 손으로 다시 가져옵니다.,0,0,0,0,0,0,0,1,0,0,0,0,0,0,8
6,6,6,가죽옷의 멧돼지단 두목,4,"전투의 함성:상대편의 손에 카드가 6장 이상 있으면, 돌진을 얻습니다.",0,0,0,0,1,0,0,0,0,0,0,0,0,0,8
3,3,3,겁먹은 조직원,1,죽음의 메아리: 내 손에 있는 무작위 하수인 하나에게 +2+2를 부여합니다.,0,0,0,0,0,0,0,0,0,0,0,0,0,0,8
1,1,3,경관 샐리,5,죽음의 메아리: 이 하수인의 공격력만큼 모든 적 하수인에게 피해를 줍니다.,0,0,0,0,0,0,0,0,0,0,0,0,0,0,8
3,4,3,경매장 지배인 비어도,5,"내 주문이 시전된 후에,내 영웅 능력을 다시사용할 수 있습니다.",0,0,0,0,0,0,0,0,0,0,0,0,0,0,8
4,3,3,고용된 싸움꾼,1,도발,0,0,1,0,0,0,0,0,0,0,0,0,0,0,8
0,7,2,관선 변호인,1,도발,0,0,1,0,0,0,0,0,0,0,0,0,0,0,8
4,4,4,괴상한 약제사,1,전투의 함성: 하수인 하나의 공격력과 생명력을 바꿉니다.,0,0,0,0,0,0,0,0,0,0,0,0,0,0,8
4,4,4,그림자 사부,3,전투의 함성: 은신한 하수인 하나에게 +2+2를 부여합니다.,0,0,0,0,0,0,0,0,1,0,0,0,0,0,8
0,7,3,길거리 요술쟁이,1,주문 공격력 +1,0,0,0,0,0,0,0,0,0,0,0,0,0,0,8
1,1,1,길고양이,1,전투의 함성:11 고양이를 1마리 소환합니다.,0,0,0,0,0,0,0,0,0,0,0,0,0,0,8
3,8,6,꽃의 고대정령,1,도발,0,0,1,0,0,0,0,0,0,0,0,0,0,0,8
5,4,4,나가 바다약탈자,1,전투의 함성:내 무기에 공격력을+1 부여합니다.,0,0,0,0,0,0,0,0,0,0,0,0,0,0,8
6,6,7,난폭한 심연불정령,1,전투의 함성:다른 모든 캐릭터에게 피해를 3 줍니다.,0,0,0,0,0,0,0,0,0,0,0,0,0,0,8
5,5,5,냉기술사,1,"전투의 함성:빙결 상태인 적이 있으면,+2+2를 얻습니다.",0,0,0,0,0,0,0,0,0,0,0,0,0,0,8
6,3,4,늑대인간 폭주족,1, ,0,0,0,0,0,0,0,0,0,0,0,0,0,0,8
3,3,4,대담한 기자,1,상대편이 카드를 뽑을 때마다 +1+1을 얻습니다.,0,0,0,0,0,0,0,0,0,0,0,0,0,0,8
4,5,5,덜떨어진 투사,3,"도발상대편에게 하수인이셋 이상 있으면, 비용이(2) 감소합니다.",0,0,1,0,0,0,0,0,0,0,0,0,0,0,8
5,7,6,데피아즈단 청부업자,4,전투의 함성:죽음의 메아리 하수인하나를 침묵시킵니다.,0,0,0,0,0,0,0,0,0,0,0,0,0,1,8
2,1,2,독침아가미 저격수,1,전투의 함성:피해를 1 줍니다.,0,0,0,0,0,0,0,0,0,0,0,0,0,0,8
5,5,3,돌팔이 연금술사,4,내가 하수인을 소환할 때마다 내 영웅에게 피해를 5 줍니다.,0,0,0,0,0,0,0,0,0,0,0,0,0,0,8
5,6,7,두목 한초,5,전투의 함성: 내 손에 있는 무작위 하수인 하나에게 +5+5를 부여합니다.,0,0,0,0,0,0,0,0,0,0,0,0,0,0,8
2,7,5,뒷골목 방어구 제작자,3,"도발, 이 하수인은 피해를 줄 때마다 그만큼 내 방어도를 증가시킵니다.",0,0,1,0,0,0,0,0,0,0,0,0,0,0,8
3,1,3,뒷골목 오염된 노움,1,죽음의 메아리:적 영웅에게피해를 2 줍니다.,0,0,0,0,0,0,0,0,0,0,0,0,0,0,8
1,1,1,땅굴 족제비,4,죽음의 메아리:이 하수인을 상대편의 덱에섞어 넣습니다.,0,0,0,0,0,0,0,0,0,0,0,0,0,0,8
4,6,5,뛰어난 수사관,1,전투의 함성:적 하수인들이은신을 잃습니다.,0,0,0,0,0,0,0,0,1,0,0,0,0,0,8
4,5,6,래시온,5,"도발, 전투의 함성: 용족이 아닌 카드를 뽑을 때까지 카드를 뽑습니다.",0,0,1,0,0,0,0,0,0,0,0,0,0,0,8
2,3,2,마나 정동석,4,이 하수인이 치유될때마다 22 수정을하나 소환합니다.,0,0,0,0,0,0,0,0,0,0,0,0,0,0,8
4,3,6,마님 고야,5,전투의 함성: 아군 하수인하나를 선택합니다. 그 하수인을내 덱의 무작위 하수인하나와 교체합니다.,0,0,0,0,0,0,1,0,0,0,0,0,0,0,8
5,5,5,멧돼지단 돌격수,3,"전투의 함성:적에게 도발 능력이있는 하수인이 있으면,돌진을 얻습니다.",0,0,1,0,1,0,0,0,0,0,0,0,0,0,8
5,5,7,문신사 솔리아,5,"전투의 함성: 내 덱에 똑같은 카드가 하나도 없다면, 이번 턴에 내가 시전하는 다음 주문의 비용이 (0)이 됩니다.",0,0,0,0,0,0,0,0,0,0,0,0,0,0,8
4,2,4,바다아귀 쐐기술사,3,전투의 함성: 이번 턴에 내가 내는 다음 멀록은 마나 대신 생명력을 비용으로 사용합니다.,0,0,0,0,0,0,0,0,0,0,0,0,0,0,8
5,5,5,백안,5,"도발, 죽음의 메아리: '폭풍수호자' 카드 1장을 내 덱에 섞어 넣습니다.",0,0,1,0,0,0,0,0,0,0,0,0,0,0,8
1,1,6,범죄계 거물,1,전투의 함성:66 오우거를하나 소환합니다.,0,0,0,0,0,0,0,0,0,0,0,0,0,0,8
5,5,6,복덩이 찾는 해적단원,4,"전투의 함성: 내 무기의 공격력이 3 이상이면, +4+4를 얻습니다.",0,0,0,0,0,0,0,0,0,0,0,0,0,0,8
2,2,5,분신수,3,전투의 함성: 이 하수인을 둘 복사하여 소환합니다.,0,0,0,0,0,0,0,0,0,0,0,0,0,0,8
2,2,3,불꽃수염 번브리슬,5,도발천상의 보호막생명력 흡수,0,0,1,0,0,1,0,0,0,0,0,0,1,0,8
2,6,5,붉은 마나 지룡,1,내가 주문을 시전할 때마다 공격력을+2 얻습니다.,0,0,0,0,0,0,0,0,0,0,0,0,0,0,8
2,6,2,비겁한 밀고자,4,"도발, 전투의 함성: 상대편이 손에서무작위 하수인 하나를 소환합니다.",0,0,1,0,0,0,0,0,0,0,0,0,0,0,8
3,4,3,비밀결사 갈퀴사제,1,전투의 함성: 아군 하수인하나에게 생명력을+3 부여합니다.,0,0,0,0,0,0,0,0,0,0,0,0,0,0,8
2,2,3,비밀결사 급사,3,"전투의 함성: 마법사,사제, 흑마법사 카드를1장 발견합니다.",0,0,0,0,0,0,0,0,0,0,0,0,0,0,8
5,5,5,비밀결사 노래도둑,1,전투의 함성: 하수인 하나를 침묵시킵니다.,0,0,0,0,0,0,0,0,0,0,0,0,0,1,8
6,6,6,비밀결사 밀매자,4,"내 턴이 끝날 때,무작위 악마 하나를내 손으로 가져옵니다.",0,0,0,0,0,0,0,0,0,0,0,0,0,0,8
5,5,6,비밀결사 수정배달부,3,이번 게임에서 내가 낸 비밀 하나당 비용이 (2)씩 감소합니다.,0,0,0,0,0,0,0,0,0,0,0,0,0,0,8
3,3,4,비밀결사 약제사,1,전투의 함성:무작위 물약 카드를내 손으로 가져옵니다.,0,0,0,0,0,0,0,0,0,0,0,0,0,0,8
2,1,1,비밀결사 졸개,1,전투의 함성: 이번 턴에 내는 내 다음 비밀의 비용이 (0)이 됩니다.,0,0,0,0,0,0,0,0,0,0,0,0,0,0,8
2,4,5,비성 핀자,5,"은신, 이 하수인은 공격하여 다른 하수인을 처치할 때마다 내 덱에서 멀록을 2마리 소환합니다.",0,0,0,0,0,0,0,0,1,0,0,0,0,0,8
1,2,1,비열한 거리 치안대장,4,"죽음의 메아리:이 하수인의 공격력이2 이상이면, 카드를1장 뽑습니다.",0,0,0,0,0,0,0,0,0,0,0,0,0,0,8
3,6,6,비취 괴수,1,"도발, 전투의 함성:비취 골렘을 하나 소환합니다.",0,0,1,0,0,0,0,0,0,0,0,0,0,0,8
1,1,2,비취 무리전사,1,은신죽음의 메아리:비취 골렘을 하나 소환합니다.,0,0,0,0,0,0,0,0,1,0,0,0,0,0,8
5,3,5,비취 연꽃 요원,3,"전투의 함성: 드루이드,도적, 주술사 카드를1장 발견합니다.",0,0,0,0,0,0,0,0,0,0,0,0,0,0,8
2,3,4,비취 정령,1,전투의 함성:비취 골렘을 하나 소환합니다.,0,0,0,0,0,0,0,0,0,0,0,0,0,0,8
5,5,7,비취 족장,1,전투의 함성: 비취 골렘을 하나 소환하고 도발을 부여합니다.,0,0,1,0,0,0,0,0,0,0,0,0,0,0,8
5,4,4,상어 겐조,5,이 하수인이 공격할 때마다 각 플레이어가 카드가 3장이 될 때까지 카드를 뽑습니다.,0,0,0,0,0,0,0,0,0,0,0,0,0,0,8
2,1,1,성난비늘 불량배,1,전투의 함성: 내 손에 있는 무작위 멀록 1마리에게 +1+1을 부여합니다.,0,0,0,0,0,0,0,0,0,0,0,0,0,0,8
7,9,9,속박 풀린 크룰,5,"전투의 함성: 내 덱에똑같은 카드가 하나도없다면, 내 손에 있는 모든악마를 소환합니다.",0,0,0,0,0,0,0,0,0,0,0,0,0,0,8
5,5,5,속박된 라자,5,"전투의 함성: 내 덱에 똑같은카드가 하나도 없다면,이번 게임에서 내 영웅 능력의비용이 (0)이 됩니다.",0,0,0,0,0,0,0,0,0,0,0,0,0,0,8
5,4,4,수정술사,1,전투의 함성: 내 악마들에게 +1+1을 부여합니다.,0,0,0,0,0,0,0,0,0,0,0,0,0,0,8
2,3,3,수집가 샤쿠,5,"은신, 이 하수인이 공격할 때마다 ",0,0,0,0,0,0,0,0,1,0,0,0,0,0,8
2,4,4,습격용 코도,3,전투의 함성:이 하수인의 공격력만큼피해를 줍니다.,0,0,0,0,0,0,0,0,0,0,0,0,0,0,8
5,4,9,시장 노겐포저,5,모든 대상이무작위로 선택됩니다.,0,0,0,0,0,0,1,0,0,0,0,0,0,0,8
1,1,1,신참 해적단원,3,내 영웅이 무기를 장착하고 있을 때 공격력을 +2 얻습니다.,0,0,0,0,0,0,0,0,0,0,0,0,0,0,8
5,3,6,아이야 블랙포우,5,전투의 함성과죽음의 메아리: 비취 골렘을 하나 소환합니다.,0,0,0,0,0,0,0,0,0,0,0,0,0,0,8
5,1,3,어둠 광전사,1,은신,0,0,0,0,0,0,0,0,1,0,0,0,0,0,8
5,5,5,연꽃 자객,4,"은신, 이 하수인은 공격하여 다른 하수인을 처치할 때마다은신을 얻습니다.",0,0,0,0,0,0,0,0,1,0,0,0,0,0,8
3,5,4,연꽃 환영술사,4,"이 하수인은 영웅을 공격한 후에, 비용이 6인 무작위 하수인으로 변신합니다.",0,0,0,0,0,0,0,0,0,0,0,0,0,0,8
5,6,5,용기병 비밀요원,3,"전투의 함성: 내 손에 용족이 있으면, 상대편의 덱에서 카드를 1장 발견합니다.",0,0,0,0,0,0,0,0,0,0,0,0,0,0,8
3,5,5,우끼권의 대가,1,질풍,0,0,0,0,0,0,0,0,0,0,0,1,0,0,8
3,4,3,이성을 잃은 영혼술사,4,전투의 함성: 아군 하수인 하나를 선택합니다.그 하수인을 복사하여내 덱에 섞어 넣습니다.,0,0,0,0,0,0,1,0,0,0,0,0,0,0,8
7,7,10,잊힌 왕 쿤,5,선택 ,0,0,0,0,0,0,1,0,0,0,0,0,0,0,8
2,2,3,쥐 떼,4,죽음의 메아리:이 하수인의 공격력만큼 11쥐를 소환합니다.,0,0,0,0,0,0,0,0,0,0,0,0,0,0,8
3,7,3,지옥 오크 영혼마귀,4,"내 턴이 시작될 때, 자신에게 피해를2 줍니다.",0,0,0,0,0,0,0,0,0,0,0,0,0,0,8
3,6,4,진위 물예언자,3,전투의 함성:생명력을 6 회복시킵니다.과부하: (1),0,1,0,0,0,0,0,0,0,0,0,0,0,0,8
3,3,3,천신의 꿈술사,3,"전투의 함성: 내 전장에공격력이 5 이상인하수인이 있으면,+2+2를 얻습니다.",0,0,0,0,0,0,0,0,0,0,0,0,0,0,8
2,3,2,친근한 바텐더,1,"내 턴이 끝날 때,내 영웅의 생명력을1 회복시킵니다.",0,0,0,0,0,0,0,0,0,0,0,0,0,0,8
3,3,4,카자쿠스,5,"전투의 함성: 내 덱에 똑같은 카드가 하나도 없다면, 원하는 주문을 직접 만듭니다.",0,0,0,0,0,0,0,0,0,0,0,0,0,0,8
4,4,4,타나리스 멧돼지단원,1,"전투의 함성: 상대편의 손에 카드가 없으면, 돌진을 얻습니다.",0,0,0,0,1,0,0,0,0,0,0,0,0,0,8
1,1,3,탐욕스러운 회계사,4,"내 손에 이 카드가 있으면,내가 전투의 함성 능력이 있는하수인을 소환할 때마다+1+1을 얻습니다.",0,0,0,0,0,0,0,0,0,0,0,0,0,0,8
5,5,6,태엽돌이 강도로봇,4,이 하수인이 다른 하수인을 공격하고 생존할 때마다 카드를 1장 뽑습니다.,0,0,0,0,0,0,0,0,0,0,0,0,0,0,8
4,5,5,토깽 사부,3,전투의 함성:아군 야수 1마리에게+2+2를 부여합니다.,0,0,0,0,0,0,0,0,0,0,0,0,0,0,8
4,4,6,투기장 전투 주최자,4,"전투의 함성: 내 전장에 생명력이 6 이상인 하수인이 있으면, 카드를 2장 뽑습니다.",0,0,0,0,0,0,0,0,0,0,0,0,0,0,8
3,2,2,트로그 야수조련사,3,전투의 함성: 내 손에 있는 무작위 야수 1마리에게 +1+1을 부여합니다.,0,0,0,0,0,0,0,0,0,0,0,0,0,0,8
4,6,5,트로그 절도범,4,상대편이 주문을 시전할 때마다 동전을 내 손으로 가져옵니다.,0,0,0,0,0,0,0,0,0,0,0,0,0,0,8
2,2,5,폭탄 분대,3,전투의 함성: 적 하수인하나에게 피해를 5 줍니다.죽음의 메아리: 내 영웅에게피해를 5 줍니다.,0,0,0,0,0,0,0,0,0,0,0,0,0,0,8
4,3,3,하수구 독성 수액,1,전투의 함성:상대편의 무기 내구도를 1 감소시킵니다.,0,0,0,0,0,0,0,0,0,0,0,0,0,0,8
1,1,1,해적 패치스,5,"돌진내가 해적을 낸 후에,이 하수인을 내 덱에서소환합니다.",0,0,0,0,1,0,0,0,0,0,0,0,0,0,8
3,7,5,핵주먹,5,"이 하수인은 다른하수인을 공격한 후에,적 영웅에게도 공격력만큼피해를 줍니다.",0,0,0,0,0,0,0,0,0,0,0,0,0,0,8
4,4,4,험상궂은 문지기,3,아군 하수인이 죽을 때마다공격력을 +1 얻습니다.,0,0,0,0,0,0,0,0,0,0,0,0,0,0,8
6,6,7,험악한 거리 경호원,3,"도발, 전투의 함성:양옆의 하수인들에게 천상의 보호막을부여합니다.",0,0,1,0,0,0,0,0,0,0,0,0,1,0,8
1,1,2,험악한 거리 만물상,1,전투의 함성: 내 손에 있는 모든 하수인에게 +1+1을 부여합니다.,0,0,0,0,0,0,0,0,0,0,0,0,0,0,8
2,4,3,험악한 거리 밀수업자,1,전투의 함성: 내 손에 있는 무작위 하수인 하나에게 +1+1을 부여합니다.,0,0,0,0,0,0,0,0,0,0,0,0,0,0,8
3,3,3,험악한 거리 전당포 주인,3,전투의 함성: 내 손에 있는 무작위 무기 하나에 +1+1을 부여합니다.,0,0,0,0,0,0,0,0,0,0,0,0,0,0,8
1,1,2,험악한 거리 정보통,3,"전투의 함성: 사냥꾼,성기사, 전사 카드를1장 발견합니다.",0,0,0,0,0,0,0,0,0,0,0,0,0,0,8
4,4,5,험악한 거리 집행자,3,"내 턴이 끝날 때, 내 손에 있는 모든 하수인에게 +1+1을 부여합니다.",0,0,0,0,0,0,0,0,0,0,0,0,0,0,8
4,3,4,험악한 기계공,1,"내 턴이 끝날 때, 내 손에 있는 무작위 하수인 하나에게 +2+2를 부여합니다.",0,0,0,0,0,0,0,0,0,0,0,0,0,0,8
2,2,2,호바트 그래플해머,5,전투의 함성: 내 손과덱에 있는 모든 무기에공격력을 +1 부여합니다.,0,0,0,0,0,0,0,0,0,0,0,0,0,0,8
2,6,4,호젠 치유사,1,전투의 함성:하수인 하나의 생명력을모두 회복시킵니다.,0,0,0,0,0,0,0,0,0,0,0,0,0,0,8
2,2,1,혼합물 전문가,1,죽음의 메아리:각 영웅의 생명력을4씩 회복시킵니다.,0,0,0,0,0,0,0,0,0,0,0,0,0,0,8
7,7,8,감전된 데빌사우루스,4,"돌진, 전투의 함성:이번 턴에 영웅을공격할 수 없습니다.",0,0,0,0,1,0,0,0,0,0,0,0,0,0,9
6,10,9,거대한 마스토돈,1,도발,0,0,1,0,0,0,0,0,0,0,0,0,0,0,9
5,3,7,거대한 아나콘다,4,죽음의 메아리: 내 손에 있는 공격력이 5 이상인 하수인 하나를 소환합니다.,0,0,0,0,0,0,0,0,0,0,0,0,0,0,9
4,8,3,거대한 칼날잎새,3,이 하수인은 적을공격할 수 없습니다.,0,0,0,0,0,0,0,0,0,0,0,0,0,0,9
8,8,5,거센물결 히드라,4,이 하수인은 피해를 받을 때마다 내 영웅에게 피해를 3 줍니다.,0,0,0,0,0,0,0,0,0,0,0,0,0,0,9
3,3,3,걸신들린 수액,4,"전투의 함성: 상대편의 무기를 파괴하고, 그 무기의 공격력만큼 방어도를 얻습니다.",0,0,0,0,0,0,0,0,0,0,0,0,0,0,9
2,3,2,골락카 거대게,3,전투의 함성:해적 하나를 처치하고+1+1을 얻습니다.,0,0,0,0,0,0,0,0,0,0,0,0,0,0,9
3,3,3,공포비늘 추적자,3,전투의 함성: 아군 하수인 하나의 죽음의 메아리 능력을 발동시킵니다.,0,0,0,0,0,0,0,0,0,0,0,0,0,0,9
2,3,2,광명의 정령,1,내 주문의 비용이(1) 감소합니다.,0,0,0,0,0,0,0,0,0,0,0,0,0,0,9
4,4,4,굶주린 테러닥스,1,"전투의 함성: 아군하수인 하나를 처치하고,2번 적응합니다.",0,0,0,0,0,0,0,0,0,1,0,0,0,0,9
2,6,2,궁지에 몰린 보초,3,"도발, 전투의 함성: 상대편에게 11 랩터를 3마리 소환해 줍니다.",0,0,1,0,0,0,0,0,0,0,0,0,0,0,9
3,3,4,껍질술사,3,선택 ,0,0,0,0,0,0,1,0,0,0,0,0,0,0,9
5,1,3,덩치 큰 긴목공룡,1,"전투의 함성: 내 손에 공격력이 5 이상인 하수인이 있으면, 적응합니다.",0,0,0,0,0,0,0,0,0,1,0,0,0,0,9
0,3,3,데빌사우루스 알,3,죽음의 메아리:55 데빌사우루스를1마리 소환합니다.,0,0,0,0,0,0,0,0,0,0,0,0,0,0,9
4,7,5,둥지를 튼 로크,1,"전투의 함성:내 전장에 다른 하수인이 둘 이상 있으면, 도발을 얻습니다.",0,0,1,0,0,0,0,0,0,0,0,0,0,0,9
3,3,3,딸깍거리는 실리시드,4,전투의 함성: 주문을 하나 발견합니다. 그 카드의 비용만큼 내 영웅에게 피해를 줍니다.,0,0,0,0,0,0,0,0,0,0,0,0,0,0,9
3,8,4,락카리 지옥사냥개,1,"도발, 전투의 함성: 무작위로 카드를2장 버립니다.",0,0,1,0,0,0,0,0,0,0,0,0,0,0,9
9,9,7,랩터왕 서슬발톱,5,"상대편이 하수인을 낸 후에,그 하수인을 공격합니다.",0,0,0,0,0,0,0,0,0,0,0,0,0,0,9
6,6,6,밀림 사냥꾼 헤멧,5,전투의 함성: 내 덱에 있는 비용이 (3) 이하인 카드를 모두 파괴합니다.,0,0,0,0,0,0,0,0,0,0,0,0,0,0,9
2,1,1,바람 정령,1,이 하수인은 주문이나 영웅 능력의 대상으로 지정되지 않습니다.,0,0,0,0,0,0,0,0,0,0,0,0,0,0,9
4,4,7,바위 파수병,4,"전투의 함성: 내가 이전 턴에 정령을 냈다면, 도발 능력이 있는 23 정령을 둘 소환합니다.",0,0,1,0,0,0,0,0,0,0,0,0,0,0,9
1,4,3,바위언덕 수호병,3,"도발, 전투의 함성:도발 하수인을하나 발견합니다.",0,0,1,0,0,0,0,0,0,0,0,0,0,0,9
2,3,2,바위웅덩이 사냥꾼,1,전투의 함성:아군 멀록 1마리에게+1+1을 부여합니다.,0,0,0,0,0,0,0,0,0,0,0,0,0,0,9
1,2,1,반딧불 정령,1,전투의 함성: 12 정령 하나를 내 손으로 가져옵니다.,0,0,0,0,0,0,0,0,0,0,0,0,0,0,9
5,7,7,배부른 트레샤돈,1,죽음의 메아리:11 멀록을3마리 소환합니다.,0,0,0,0,0,0,0,0,0,0,0,0,0,0,9
1,1,1,보석 박힌 앵무,1,전투의 함성:무작위 야수 카드 1장을내 손으로 가져옵니다.,0,0,0,0,0,0,0,0,0,0,0,0,0,0,9
6,6,7,불길소환사,4,"전투의 함성: 내가 이전 턴에 정령을 냈다면, 피해를 5 줍니다.",0,0,0,0,0,0,0,0,0,0,0,0,0,0,9
3,3,4,불길의 불사조,1,전투의 함성:피해를 2 줍니다.,0,0,0,0,0,0,0,0,0,0,0,0,0,0,9
1,1,2,불길의 선구자,3,전투의 함성: 내 손에 있는 정령들의 비용이 (1) 감소합니다.,0,0,0,0,0,0,0,0,0,0,0,0,0,0,9
2,2,2,불사조 파이로스,5,죽음의 메아리:이 하수인을 비용이 (6)인66 하수인으로 내 손에다시 가져옵니다.,0,0,0,0,0,0,0,0,0,0,0,0,0,0,9
1,1,2,불안정한 정령,1,죽음의 메아리:무작위 적 하수인 하나에게피해를 3 줍니다.,0,0,0,0,0,0,0,0,0,0,0,0,0,0,9
2,3,2,비전학자,1,전투의 함성:내 덱에서 비밀 카드를 1장 뽑습니다.,0,0,0,0,0,0,0,0,0,0,0,0,0,0,9
2,1,1,빙하의 정령,1,전투의 함성: 적 하나를 빙결 상태로 만듭니다.,0,0,0,0,0,0,0,0,0,0,0,0,0,0,9
3,4,4,빛이 주입된 스테고돈,3,전투의 함성: 내 은빛 성기사단 신병들을 적응시킵니다.,0,0,0,0,0,0,0,0,0,1,0,0,0,0,9
3,6,5,새끼 공포뿔,3,"도발, 죽음의 메아리:도발 능력이 있는69 공포뿔 1마리를내 덱에 섞어 넣습니다.",0,0,1,0,0,0,0,0,0,0,0,0,0,0,9
2,1,1,새끼 랩터,3,죽음의 메아리: 43 랩터 1마리를 내 덱에 섞어 넣습니다.,0,0,0,0,0,0,0,0,0,0,0,0,0,0,9
2,2,3,새끼 테러닥스,1,전투의 함성: 적응,0,0,0,0,0,0,0,0,0,1,0,0,0,0,9
8,2,6,서슬니 호랑이,1,은신,0,0,0,0,0,0,0,0,1,0,0,0,0,0,9
5,5,6,성난 공포뿔,1,도발전투의 함성: 적응,0,0,1,0,0,0,0,0,0,1,0,0,0,0,9
5,4,4,쇄도하는 증기 정령,3,"전투의 함성: 내가 이전 턴에 정령을 냈다면, '화염 분출' 카드 1장을 내 손으로가져옵니다.",0,0,0,0,0,0,0,0,0,0,0,0,0,0,9
2,2,2,수문학자,1,전투의 함성:비밀 카드를1장 발견합니다.,0,0,0,0,0,0,0,0,0,0,0,0,0,0,9
1,1,1,수정 예언자,3,죽음의 메아리: 상대편의 덱에서 카드를 1장 복사하여 내 손으로 가져옵니다.,0,0,0,0,0,0,0,0,0,0,0,0,0,0,9
2,6,4,스테고돈,1,도발,0,0,1,0,0,0,0,0,0,0,0,0,0,0,9
5,3,4,시체꽃 셰라진,5,"죽음의 메아리: 씨앗으로 변합니다. 한 턴에 카드를 4장 이상 내면, 되살아납니다.",0,0,0,0,0,0,0,0,0,0,0,0,0,0,9
2,3,3,신기루 소환사,3,전투의 함성:아군 하수인 하나를 선택합니다. 그 하수인을 복사하여 11 하수인으로 소환합니다.,0,0,0,0,0,0,1,0,0,0,0,0,0,0,9
5,4,5,신록의 긴목공룡,1,전투의 함성: 적응,0,0,0,0,0,0,0,0,0,1,0,0,0,0,9
3,4,5,썩은가시 식인꽃,4,연계: 하수인 하나를 처치합니다.,0,0,0,0,0,0,0,1,0,0,0,0,0,0,9
3,1,3,알서리꾼,1,죽음의 메아리:11 랩터를 2마리 소환합니다.,0,0,0,0,0,0,0,0,0,0,0,0,0,0,9
1,1,2,야금풀,4,연계: 이번 턴에앞서 낸 카드 1장당+1+1를 얻습니다.,0,0,0,0,0,0,0,1,0,0,0,0,0,0,9
2,2,2,어린 라바사우루스,1,"전투의 함성: 내 전장에 다른 하수인이 둘 이상 있으면, 적응합니다.",0,0,0,0,0,0,0,0,0,1,0,0,0,0,9
8,8,6,얼어붙은 분쇄자,3,이 하수인은 공격한 후에 빙결 상태가 됩니다.,0,0,0,0,0,0,0,0,0,0,0,0,0,0,9
2,3,1,에메랄드 둥지 여왕,4,내 하수인들의 비용이 (2) 증가합니다.,0,0,0,0,0,0,0,0,0,0,0,0,0,0,9
2,1,1,에메랄드 약탈자,1,전투의 함성: 각 영웅에게 피해를 1씩 줍니다.,0,0,0,0,0,0,0,0,0,0,0,0,0,0,9
2,2,2,여왕 자바스,5,이 하수인을 버릴 때마다+2+2를 부여하고내 손으로 다시 가져옵니다.,0,0,0,0,0,0,0,0,0,0,0,0,0,0,9
3,4,4,열의에 찬 정찰대원,4,전투의 함성: 카드를 1장 뽑습니다. 그 카드의 비용이 (5)가 됩니다.,0,0,0,0,0,0,0,0,0,0,0,0,0,0,9
3,4,4,영혼노래꾼 움브라,5,"내 하수인이 소환된후에, 그 하수인의죽음의 메아리를발동시킵니다.",0,0,0,0,0,0,0,0,0,0,0,0,0,0,9
5,5,9,오즈룩,5,"도발, 전투의 함성: 내가 이전 턴에 낸 정령 하나당 생명력을 +5 얻습니다.",0,0,1,0,0,0,0,0,0,0,0,0,0,0,9
5,4,4,온순한 메가사우루스,4,전투의 함성: 내 멀록들을 적응시킵니다.,0,0,0,0,0,0,0,0,0,1,0,0,0,0,9
2,4,3,온천의 수호정령,1,"도발, 전투의 함성:생명력을 3 회복시킵니다.",0,0,1,0,0,0,0,0,0,0,0,0,0,0,9
1,2,2,완강한 복족이,1,도발독성,0,0,1,1,0,0,0,0,0,0,0,0,0,0,9
7,14,10,울트라사우루스,1, ,0,0,0,0,0,0,0,0,0,0,0,0,0,0,9
7,7,8,원시 군주 칼리모스,5,"전투의 함성: 내가 이전 턴에 정령을 냈다면, 원소의 기원을 시전합니다.",0,0,0,0,0,0,0,0,0,0,0,0,0,0,9
3,2,3,원시지느러미 망꾼,1,"전투의 함성: 내 전장에 다른 멀록이 있으면, 멀록을 1마리 발견합니다.",0,0,0,0,0,0,0,0,0,0,0,0,0,0,9
1,2,2,원시지느러미 용사,4,죽음의 메아리:내가 이 하수인에게시전한 모든 주문을 내 손으로 가져옵니다.,0,0,0,0,0,0,0,0,0,0,0,0,0,0,9
0,3,2,원시지느러미 토템,3,"내 턴이 끝날 때,11 멀록을 1마리 소환합니다.",0,0,0,0,0,0,0,0,0,0,0,0,0,0,9
5,5,5,원정대장 엘리스,5,전투의 함성: 개봉하지않은 운고로 팩 하나를내 덱에 섞어 넣습니다.,0,0,0,0,0,0,0,0,0,0,0,0,0,0,9
5,5,6,잔혹한 공룡술사,3,죽음의 메아리: 이번 게임에서 내가 버린 하수인 하나를 무작위로 소환합니다.,0,0,0,0,0,0,0,0,0,0,0,0,0,0,9
1,5,3,잿멍울 괴물,1,"도발, 상대편의 턴 동안 공격력을 +2 얻습니다.",0,0,1,0,0,0,0,0,0,0,0,0,0,0,9
1,11,7,잿멍울 군주,1,"도발, 상대편의 턴 동안 공격력을 +4 얻습니다.",0,0,1,0,0,0,0,0,0,0,0,0,0,0,9
1,7,5,잿멍울 잠복꾼,1,"도발, 상대편의 턴 동안 공격력을 +3 얻습니다.",0,0,1,0,0,0,0,0,0,0,0,0,0,0,9
3,3,3,천둥도마뱀,1,"전투의 함성: 내가 이전 턴에 정령을 냈다면, 적응합니다.",0,0,0,0,0,0,0,0,0,1,0,0,0,0,9
2,2,2,칼날꽃잎 덩굴손,1,전투의 함성: 피해를 1 주는칼날꽃잎 카드 1장을내 손으로 가져옵니다.,0,0,0,0,0,0,0,0,0,0,0,0,0,0,9
4,5,5,칼리모스의 시종,3,"전투의 함성: 내가 이전 턴에 정령을 냈다면, 정령을 하나 발견합니다.",0,0,0,0,0,0,0,0,0,0,0,0,0,0,9
2,2,3,커다란 말벌,1,은신독성,0,0,0,1,0,0,0,0,1,0,0,0,0,0,9
4,8,8,태고의 비룡,4,"도발, 전투의 함성:다른 모든 하수인에게 피해를 2 줍니다.",0,0,1,0,0,0,0,0,0,0,0,0,0,0,9
3,5,5,태양의 후예 라이라,5,내가 주문을 시전할 때마다 무작위 사제 주문 하나를 내 손으로 가져옵니다.,0,0,0,0,0,0,0,0,0,0,0,0,0,0,9
3,7,6,태양지기 타림,5,"도발, 전투의 함성:다른 모든 하수인의 공격력과 생명력을 3으로 만듭니다.",0,0,1,0,0,0,0,0,0,0,0,0,0,0,9
2,6,4,토르톨란 껍질방패병,1,"도발, 죽음의 메아리: 무작위 아군 하수인 하나에게 +1+1을 부여합니다.",0,0,1,0,0,0,0,0,0,0,0,0,0,0,9
5,4,8,토르톨란 원시술사,4,전투의 함성:주문을 하나 발견하여 무작위 대상에게 시전합니다.,0,0,0,0,0,0,0,0,0,0,0,0,0,0,9
2,2,2,토르톨란 채집꾼,1,전투의 함성:공격력이 5 이상인무작위 하수인 하나를내 손으로 가져옵니다.,0,0,0,0,0,0,0,0,0,0,0,0,0,0,9
3,5,5,톨비르 감시자,3,전투의 함성: 내 덱에서비용이 1인 하수인을둘 뽑습니다.,0,0,0,0,0,0,0,0,0,0,0,0,0,0,9
3,5,4,톨비르 바위세공사,3,"전투의 함성: 내가 이전 턴에 정령을 냈다면, 도발과 천상의 보호막을 얻습니다.",0,0,1,0,0,0,0,0,0,0,0,0,1,0,9
12,12,10,티란투스,5,이 하수인은 주문이나 영웅 능력의 대상으로 지정되지 않습니다.,0,0,0,0,0,0,0,0,0,0,0,0,0,0,9
3,2,2,파지직거리는 무쇠턱 랩터,1,전투의 함성: 아군 야수 1마리를 적응시킵니다.,0,0,0,0,0,0,0,0,0,1,0,0,0,0,9
9,7,9,폭군 모쉬,5,전투의 함성:피해를 받은 모든 하수인을 처치합니다.,0,0,0,0,0,0,0,0,0,0,0,0,0,0,9
3,3,4,폭식초,5,내가 이 하수인에게 주문을시전한 후에 11 식물을소환하여 그 하수인에게 동일한주문을 시전합니다.,0,0,0,0,0,0,0,0,0,0,0,0,0,0,9
4,8,7,폭풍감시자,1,질풍,0,0,0,0,0,0,0,0,0,0,0,1,0,0,9
3,3,3,호기심 많은 미명뿌리,4,전투의 함성: 카드 3장이 제시됩니다. 게임이 시작됐을 때 상대편의 덱에 있던 카드를 맞히면 그 카드를 복사하여 내 손으로 가져옵니다.,0,0,0,0,0,0,0,0,0,0,0,0,0,0,9
5,6,7,화산사우루스,3,"전투의 함성: 적응한 후, 다시 적응합니다.",0,0,0,0,0,0,0,0,0,1,0,0,0,0,9
2,3,3,화성암 정령,1,죽음의 메아리:12 정령 둘을내 손으로 가져옵니다.,0,0,0,0,0,0,0,0,0,0,0,0,0,0,9
3,3,3,흉포한 어린 테러닥스,3,이 하수인은 영웅을 공격한 후에 적응합니다.,0,0,0,0,0,0,0,0,0,1,0,0,0,0,9
2,1,2,흐린빛 폭풍정령,1,죽음의 메아리: 무작위 마법사 주문 하나를 내 손으로 가져옵니다.,0,0,0,0,0,0,0,0,0,0,0,0,0,0,9
3,9,6,검은경비병,4,내 영웅이 치유될 때마다 무작위 적 하수인 하나에게 그만큼피해를 줍니다.,0,0,0,0,0,0,0,0,0,0,0,0,0,0,10
3,3,3,고뇌의 수행사제,1,생명력 흡수,0,0,0,0,0,1,0,0,0,0,0,0,0,0,10
4,3,3,곰상어,1,이 하수인은 주문이나 영웅 능력의 대상으로 지정되지 않습니다.,0,0,0,0,0,0,0,0,0,0,0,0,0,0,10
4,4,4,공작 발라나르,5,"전투의 함성: 내 덱에 비용이 4인 카드가 없으면, 생명력 흡수와 도발을 얻습니다.",0,0,1,0,0,1,0,0,0,0,0,0,0,0,10
2,2,2,공작 켈레세스,5,"전투의 함성: 내 덱에 비용이2인 카드가 없으면, 내 덱에있는 모든 하수인에게+1+1을 부여합니다.",0,0,0,0,0,0,0,0,0,0,0,0,0,0,10
3,3,3,공작 탈다람,5,"전투의 함성: 내 덱에비용이 3인 카드가 없으면,선택한 하수인으로 변신합니다.능력치는 33이 됩니다.",0,0,0,0,0,0,1,0,0,0,0,0,0,0,10
5,3,6,괴저 외눈깨비,1,내 다른 하수인이 죽을때마다 22 구울을하나 소환합니다.,0,0,0,0,0,0,0,0,0,0,0,0,0,0,10
5,4,4,교수 퓨트리사이드,5,"내가 비밀 카드를 낸 후에, 무작위 사냥꾼 비밀 카드 1장을 사용합니다.",0,0,0,0,0,0,0,0,0,0,0,0,0,0,10
2,2,3,기워 붙인 추적자,1,전투의 함성:내 덱에서 하수인을하나 발견합니다.,0,0,0,0,0,0,0,0,0,0,0,0,0,0,10
5,5,6,네루비안 해결자,4,주문의 비용이 (2) 증가합니다.,0,0,0,0,0,0,0,0,0,0,0,0,0,0,10
2,3,2,노움페라투,4,전투의 함성:상대편의 다음 카드 1장을 없앱니다.,0,0,0,0,0,0,0,0,0,0,0,0,0,0,10
6,7,7,누더기골렘 궁병,4,죽음의 메아리: 이번 게임에서 죽은 무작위 아군 야수 1마리를 소환합니다.,0,0,0,0,0,0,0,0,0,0,0,0,0,0,10
8,8,11,눈덩이 거인,4,이번 게임에서 과부하된 내 마나 수정 하나당 비용이 (1)씩 감소합니다.,0,1,0,0,0,0,0,0,0,0,0,0,0,0,10
1,1,0,눈발바닥 펭귄,1, ,0,0,0,0,0,0,0,0,0,0,0,0,0,0,10
4,6,7,대주교 베네딕투스,5,전투의 함성: 상대편의 덱을 복사하여 내 덱에 섞어 넣습니다.,0,0,0,0,0,0,0,0,0,0,0,0,0,0,10
1,5,3,드라카리 마법부여사,4,턴이 끝날 때 발동하는 내 효과가 2번 발동합니다.,0,0,0,0,0,0,0,0,0,0,0,0,0,0,10
2,8,3,드라카리 수호병,1,도발과부하: (3),0,1,1,0,0,0,0,0,0,0,0,0,0,0,10
5,3,4,룬가열로 외눈깨비,3,내 턴 동안 내 무기의 내구도가 감소하지 않습니다.,0,0,0,0,0,0,0,0,0,0,0,0,0,0,10
8,8,8,리치 왕,5,"도발내 턴이 끝날 때, 무작위죽음의 기사 카드 1장을 내 손으로 가져옵니다.",0,0,1,0,0,0,0,0,0,0,0,0,0,0,10
4,5,4,릴리안 보스,5,전투의 함성:내 손에 있는 모든 주문을 ,0,0,0,0,0,0,0,0,0,0,0,0,0,0,10
2,5,5,맹독술사,1,독성,0,0,0,1,0,0,0,0,0,0,0,0,0,0,10
2,2,4,멍서스,5,죽음의 메아리: 무작위 죽음의 기사 카드 하나를 내 손으로 가져옵니다.,0,0,0,0,0,0,0,0,0,0,0,0,0,0,10
5,3,5,무덤 잠복꾼,4,전투의 함성: 이번 게임에서 죽은 무작위 죽음의 메아리 하수인 하나를 내 손으로 가져옵니다.,0,0,0,0,0,0,0,0,0,0,0,0,0,0,10
4,4,4,무덤괴물,1,내 무기가 파괴될 때마다 +1+1을 얻습니다.,0,0,0,0,0,0,0,0,0,0,0,0,0,0,10
4,4,6,무라비,5,다른 하수인 하나가 빙결 상태가 될 때마다 그 카드를 복사하여 내 손으로 가져옵니다.,0,0,0,0,0,0,0,0,0,0,0,0,0,0,10
1,2,2,무리의 드루이드,3,선택 ,0,0,0,0,0,0,1,0,0,0,0,0,0,0,10
1,4,3,발키르 영혼강탈자,3,이 하수인은 피해를 받고 생존할 때마다 22 구울을 하나 소환합니다.,0,0,0,0,0,0,0,0,0,0,0,0,0,0,10
3,4,4,밤의 울음꾼,1,이 하수인은피해를 받을 때마다 공격력을 +2 얻습니다.,0,0,0,0,0,0,0,0,0,0,0,0,0,0,10
2,7,5,부두교 사술사,3,도발이 하수인에게 피해를받은 캐릭터는 빙결상태가 됩니다.,0,0,1,0,0,0,0,0,0,0,0,0,0,0,10
1,7,5,불꽃피 볼바르,5,"천상의 보호막아군 하수인 하나가천상의 보호막을 잃은 후에,공격력을 +2 얻습니다.",0,0,0,0,0,0,0,0,0,0,0,0,1,0,10
3,1,3,브리구울,1,"죽음의 메아리:상대편의 턴이면,22 구울을 하나 소환합니다.",0,0,0,0,0,0,0,0,0,0,0,0,0,0,10
5,5,5,뼈다귀 남작,1,죽음의 메아리:11 해골 둘을내 손으로 가져옵니다.,0,0,0,0,0,0,0,0,0,0,0,0,0,0,10
2,3,4,사로나이트 광산 노예,3,"도발, 전투의 함성:이 하수인을 복사하여 소환합니다.",0,0,1,0,0,0,0,0,0,0,0,0,0,0,10
1,1,4,사악한 해골,1,전투의 함성: 이번 턴에 죽은 하수인 하나당 +1+1을 얻습니다.,0,0,0,0,0,0,0,0,0,0,0,0,0,0,10
4,3,3,산불의 방어구,3,"죽음의 메아리:상대편의 턴이면, 방어도를 +6 얻습니다.",0,0,0,0,0,0,0,0,0,0,0,0,0,0,10
1,3,1,살아 움직이는 광전사,1,"내가 하수인을 낸 후에,그 하수인에게피해를 1 줍니다.",0,0,0,0,0,0,0,0,0,0,0,0,0,0,10
3,4,3,서리 망령,1,"전투의 함성:빙결 상태인 적이 있으면,카드를 1장 뽑습니다.",0,0,0,0,0,0,0,0,0,0,0,0,0,0,10
2,6,4,섬뜩한 창조술사,3,전투의 함성: '환영 복제' 카드 1장을 내 손으로 가져옵니다.,0,0,0,0,0,0,0,0,0,0,0,0,0,0,10
4,6,5,시체 과부거미,3,내 죽음의 메아리 카드의 비용이 (2) 감소합니다.,0,0,0,0,0,0,0,0,0,0,0,0,0,0,10
1,4,4,시체 수레,4,죽음의 메아리:내 덱에서 이 하수인보다공격력이 낮은 하수인을하나 소환합니다.,0,0,0,0,0,0,0,0,0,0,0,0,0,0,10
3,3,5,시체생환사,3,전투의 함성: 아군 하수인하나에게 ,0,0,0,0,0,0,0,0,0,0,0,0,0,0,10
3,3,4,시체수집가,4,"전투의 함성: 내 덱에 도발하수인이 있으면 도발을 얻습니다.천상의 보호막, 생명력 흡수, 질풍도동일하게 얻을 수 있습니다.",0,0,1,0,0,1,0,0,0,0,0,1,1,0,10
8,8,8,신드라고사,5,전투의 함성:01 얼어붙은 용사를2명 소환합니다.,0,0,0,0,0,0,0,0,0,0,0,0,0,0,10
3,2,4,싸늘칼날 용사,1,돌진생명력 흡수,0,0,0,0,1,1,0,0,0,0,0,0,0,0,10
4,6,8,썩은얼굴,5,이 하수인은 피해를 받고 생존할 때마다 무작위 전설 하수인을 하나 소환합니다.,0,0,0,0,0,0,0,0,0,0,0,0,0,0,10
2,2,4,아장아장거리는 해골,4,전투의 함성: 55 해골을 하나 소환합니다. 죽음의 메아리: 상대편에게 55 해골을 하나 소환해 줍니다.,0,0,0,0,0,0,0,0,0,0,0,0,0,0,10
2,1,1,아케루스 정예병,1,전투의 함성: 아군 하수인 하나에게 공격력을+1 부여합니다.,0,0,0,0,0,0,0,0,0,0,0,0,0,0,10
4,5,5,악랄한 공포의 군주,3,"내 턴이 끝날 때,모든 적 하수인에게피해를 1 줍니다.",0,0,0,0,0,0,0,0,0,0,0,0,0,0,10
2,2,2,암흑의 승천자,1,"내 턴이 끝날 때, 다른 무작위 아군 하수인 하나에게 +1+1을 부여합니다.",0,0,0,0,0,0,0,0,0,0,0,0,0,0,10
3,1,3,얕은 무덤 도굴꾼,3,죽음의 메아리:무작위 죽음의 메아리 하수인 하나를 내 손으로 가져옵니다.,0,0,0,0,0,0,0,0,0,0,0,0,0,0,10
2,2,2,얼록,1,전투의 함성: 적 하나를 빙결 상태로 만듭니다.,0,0,0,0,0,0,0,0,0,0,0,0,0,0,10
1,3,2,얼음방랑자,3,내 영웅 능력이 대상을 빙결 상태로도 만듭니다.,0,0,0,0,0,0,0,0,0,0,0,0,0,0,10
4,6,6,엄습하는 외눈깨비,4,전투의 함성:두 플레이어의 손과 덱에있는 비용이 1인 주문을모두 파괴합니다.,0,0,0,0,0,0,0,0,0,0,0,0,0,0,10
2,3,3,역병 과학자,1,연계: 아군 하수인 하나에게 독성을 부여합니다.,0,0,0,1,0,0,0,1,0,0,0,0,0,0,10
5,2,4,오만한 성전사,3,"죽음의 메아리: 상대편의 턴이면, 22 구울을 하나 소환합니다.",0,0,0,0,0,0,0,0,0,0,0,0,0,0,10
6,6,6,용광로화염 거수,4,전투의 함성: 내 손에 있는 모든 무기를 버리고 그 무기의 능력치를 얻습니다.,0,0,0,0,0,0,0,0,0,0,0,0,0,0,10
5,3,5,운명술사,4,죽음의 메아리 (비밀) 선택 ,0,0,0,0,0,0,1,0,0,0,0,0,0,0,10
3,6,3,울부짖는 마귀,1,이 하수인이 피해를받을 때마다 무작위로카드를 1장 버립니다.,0,0,0,0,0,0,0,0,0,0,0,0,0,0,10
2,2,3,울부짖는 사령관,3,전투의 함성: 내 덱에서 천상의 보호막 하수인을 하나 뽑습니다.,0,0,0,0,0,0,0,0,0,0,0,0,1,0,10
5,5,6,유령 강탈자,4,연계: 이번 턴에앞서 낸 카드의 수만큼 피해를 줍니다.,0,0,0,0,0,0,0,1,0,0,0,0,0,0,10
3,3,4,유령 약탈자,3,전투의 함성:내 무기의 능력치를 얻습니다.,0,0,0,0,0,0,0,0,0,0,0,0,0,0,10
2,4,4,음산한 강령술사,1,전투의 함성:11 해골을 둘 소환합니다.,0,0,0,0,0,0,0,0,0,0,0,0,0,0,10
2,5,3,정신파괴자,3,두 플레이어 모두영웅 능력을 사용할 수 없습니다.,0,0,0,0,0,0,0,0,0,0,0,0,0,0,10
1,1,1,정의로운 수호자,1,도발천상의 보호막,0,0,1,0,0,0,0,0,0,0,0,0,1,0,10
4,4,6,주문직공,1,주문 공격력 +2,0,0,0,0,0,0,0,0,0,0,0,0,0,0,10
3,3,4,죽음도끼 응징자,4,전투의 함성: 내 손에 있는 무작위 생명력 흡수 하수인 하나에게 +2+2를 부여합니다.,0,0,0,0,0,1,0,0,0,0,0,0,0,0,10
1,1,1,죽음비늘 기사,1,생명력 흡수,0,0,0,0,0,1,0,0,0,0,0,0,0,0,10
2,4,3,죽음예언자,1,전투의 함성: 이번 턴에 아군 하수인 하나에게 면역을 부여합니다.,0,0,0,0,0,0,0,0,0,0,0,0,0,0,10
3,3,5,죽음의 망령,3,전투의 함성: 피해를 받은 하수인 하나당 +1+1을 얻습니다.,0,0,0,0,0,0,0,0,0,0,0,0,0,0,10
1,6,3,지하군주,1,"도발내 하수인이 소환된 후에,생명력을 +1 얻습니다.",0,0,1,0,0,0,0,0,0,0,0,0,0,0,10
5,6,4,째깍거리는 누더기골렘,3,죽음의 메아리:내 하수인들에게피해를 5 줍니다.,0,0,0,0,0,0,0,0,0,0,0,0,0,0,10
1,1,2,타락한 광신도,1,천상의 보호막주문 공격력 +1,0,0,0,0,0,0,0,0,0,0,0,0,1,0,10
2,1,2,타락한 태양 성직자,1,전투의 함성:아군 하수인 하나에게+1+1을 부여합니다.,0,0,0,0,0,0,0,0,0,0,0,0,0,0,10
5,4,5,태양의 자식 발키르,1,전투의 함성: 양옆의 하수인들에게 생명력을 +2 부여합니다.,0,0,0,0,0,0,0,0,0,0,0,0,0,0,10
5,5,4,통곡하는 밴시,3,내가 카드를 낼 때마다내 다음 카드 3장을 없앱니다.,0,0,0,0,0,0,0,0,0,0,0,0,0,0,10
2,3,2,투스카르 낚시꾼,1,전투의 함성:아군 하수인 하나에게 주문 공격력 +1을 부여합니다.,0,0,0,0,0,0,0,0,0,0,0,0,0,0,10
2,3,4,튼튼껍질 청소부,3,전투의 함성:내 도발 하수인들에게+2+2를 부여합니다.,0,0,1,0,0,0,0,0,0,0,0,0,0,0,10
3,2,3,파멸의 수습생,3,상대편의 주문의 비용이(1) 증가합니다.,0,0,0,0,0,0,0,0,0,0,0,0,0,0,10
2,1,4,폭발하는 팽창박쥐,3,죽음의 메아리:모든 적 하수인에게 피해를 2 줍니다.,0,0,0,0,0,0,0,0,0,0,0,0,0,0,10
5,5,5,푸른비늘혈족 맹독전사,1,"내 턴이 끝날 때,다른 무작위 아군 하수인 하나에게 공격력을 +3 부여합니다.",0,0,0,0,0,0,0,0,0,0,0,0,0,0,10
4,4,5,피구더기,1,생명력 흡수,0,0,0,0,0,1,0,0,0,0,0,0,0,0,10
1,6,5,피의 여왕 라나텔,5,생명력 흡수이번 게임에서 내가 버린카드 하나당 공격력을+1 얻습니다.,0,0,0,0,0,1,0,0,0,0,0,0,0,0,10
1,1,1,핏빛 하객,1,전투의 함성: 아군하수인 하나를 처치하고+2+2를 얻습니다.,0,0,0,0,0,0,0,0,0,0,0,0,0,0,10
3,7,9,하드로녹스,5,죽음의 메아리:이번 게임에서 죽은내 도발 하수인들을 소환합니다.,0,0,1,0,0,0,0,0,0,0,0,0,0,0,10
6,5,6,해골 비룡,3,죽음의 메아리:무작위 용족 하나를내 손으로 가져옵니다.,0,0,0,0,0,0,0,0,0,0,0,0,0,0,10
5,5,7,해골마,1,전투의 함성: 아군 하수인 하나에게 +4+4와 도발을 부여합니다.,0,0,1,0,0,0,0,0,0,0,0,0,0,0,10
2,2,5,해골술사,1,"죽음의 메아리:상대편의 턴이면,88 해골을 하나 소환합니다.",0,0,0,0,0,0,0,0,0,0,0,0,0,0,10
3,3,3,행복한 구울,3,"이번 턴에 내 영웅의 생명력이 회복되었으면, 비용이 (0)이 됩니다.",0,0,0,0,0,0,0,0,0,0,0,0,0,0,10
1,1,1,흉측한 농사꾼,1,이 하수인은 공격할 때마다 적 영웅에게 피해를 2 줍니다.,0,0,0,0,0,0,0,0,0,0,0,0,0,0,10
4,8,9,흑요석 석상,4,"도발, 생명력 흡수죽음의 메아리:무작위 적 하수인하나를 처치합니다.",0,0,1,0,0,1,0,0,0,0,0,0,0,0,10
4,4,3,힐드니르 서리기수,1,전투의 함성:내 다른 하수인들을빙결 상태로 만듭니다.,0,0,0,0,0,0,0,0,0,0,0,0,0,0,10
